32.89361111,-87.41138889
33.64611111,-85.62444444
34.36833333,-87.52305556
32.88222222,-87.05055556
33.33333333,-86.00138889
34.10444444,-87.33972222
32.89361111,-87.41138889
33.32916667,-86.08472222
32.8925,-87.37611111
34.16111111,-87.31138889
32.72555556,-86.94833333
33,-87.48333333
33.88972222,-85.48527778
33.19611111,-86.06444444
34.28111111,-87.27638889
33.39527778,-85.89222222
32.85666667,-87.16861111
33.47972222,-85.75305556
32.86527778,-87.09277778
34.28972222,-87.51666667
32.87666667,-87.01611111
33.00055556,-87.48777778
34.25972222,-87.29222222
33.41666667,-85.87277778
34.42944444,-87.34611111
34.43111111,-87.34722222
32.99694444,-87.49555556
34.26444444,-87.46083333
33.49166667,-85.69722222
32.7225,-86.93111111
32.77916667,-86.93472222
33.26083333,-86.10805556
33.90416667,-85.54388889
32.80138889,-86.99583333
33.34888889,-86.01083333
34.2889,-85.6833
34.3822,-85.6294
34.2892,-85.6819
34.2889,-85.6833
34.4261,-85.5894
34.4067,-85.5897
34.3822,-85.6294
34.3975,-85.6261
34.3231,-85.6642
34.3914,-85.6231
34.4553,-85.5836
34.3958,-85.6269
34.6889,-88.0625
34.7347,-88.04
30.23583,-87.94694
33.72180167,-85.73674431
32.322,-85.824
33.033,-86.018
33.046,-86.258
32.964,-85.805
33.178,-85.417
30.577,-88.273
30.799,-88.412
33.709,-88.047
32.984,-86.046
31.317,-87.041
31.133,-86.92
32.947,-88.13
31.216,-88.252
32.244,-85.562
31.647,-88.243
31.561,-87.009
34.16,-88.062
32.052,-87.505
33.247,-87.794
33.903,-85.55
31.913,-86.285
32.895,-85.815
34.224,-87.73
34.52,-86.969
33.703,-87.863
32.517,-86.769
32.809,-86.837
33.565,-86.171
33.687,-85.454
31.479,-86.741
33.877,-86.997
31.513,-86.41
34.636,-87.271
33.754,-87.185
31.788,-88.008
33.093,-85.264
33.806,-85.443
32.05,-85.844
32.849,-85.764
34.926,-87.051
34.174,-87.365
31.645,-87.201
30.634,-87.615
32.668,-87.338
31.526,-87.028
32.902,-85.292
31.535,-88.28
34.407,-86.81
33.485,-88.232
33.699,-86.353
34.152,-88.054
33.582,-85.557
33.094,-88.094
31.448,-85.974
34.023,-85.562
31.667,-86.696
33.295,-87.097
32.454,-85.255
30.477,-87.678
31.479,-86.74
31.092,-85.155
33.865,-85.75
32.452,-85.275
34.908,-87.702
33.703,-86.866
34.889,-87.011
33.909,-85.668
33.922,-86.336
33.281,-86.513
31.162,-88.014
34.915,-86.969
31.227,-88.037
32.873,-87.535
32.35,-86.924
32.395,-87.109
33.998,-85.71
31.905,-86.555
30.788,-87.855
33.451,-87.358
32.187,-85.209
31.189,-87.793
32.164,-86.843
33.575,-85.433
32.348,-86.853
31.648,-87.199
33.456,-87.26
32.672,-86.565
33.019,-86.597
31.069,-85.349
31.657,-85.12
33.816,-88.193
30.934,-87.615
33.543,-86.974
34.274,-85.817
33.752,-85.476
32.815,-85.418
33.265,-86.299
34.007,-87.198
33.891,-85.717
30.583,-88.082
32.495,-85.621
30.829,-88.198
30.829,-88.198
30.259,-87.692
31.359,-87.067
32.738,-85.857
33.296,-87.467
32.108,-87.797
34.181,-87.031
33.09,-85.327
33.18,-85.275
32.352,-87.778
32.259,-85.29
33.239,-86.364
31.51,-86.602
32.256,-85.734
32.139,-86.093
33.972,-87.497
34.848,-85.76
30.811,-87.88
32.943,-87.915
33.38,-86.198
33.176,-86.584
33.67,-85.473
31.184,-87.834
33.07,-86.444
31.144,-88.095
30.871,-88.312
32.273,-85.366
34.021,-88.15
34.156,-87.09
34.178,-87.949
31.744,-86.549
33.475,-86.561
33.738,-87.262
33.464,-86.013
31.509,-86.969
33.331,-85.461
34.499,-86.884
31.065,-87.272
34.276,-86.588
32.234,-85.325
31.88,-87.385
34.854,-85.655
32.809,-85.528
32.479,-85.547
34.072,-85.458
30.871,-88.075
33.847,-87.082
31.286,-85.113
32.478,-85.361
34.068,-86.563
31.175,-87.828
31.501,-86.597
32.954,-85.644
33.805,-86
33.18,-86.405
31.051,-88.319
31.273,-88.076
31.503,-85.397
31.948,-88.351
30.398,-88.172
30.619,-88.406
32.573,-86.467
34.806,-87.052
31.453,-86.872
34.54,-85.676
32.15,-87.523
32.189,-87.666
32.371,-85.744
33.239,-86.364
31.504,-86.701
32.569,-85.058
30.427,-88.155
33.002,-87.633
32.515,-86.122
34.689,-85.674
34.084,-86.117
31.273,-87.717
31.276,-88.054
31.753,-86.741
34.048,-88.056
33.307,-87.505
33.386,-87.25
30.984,-87.627
31.24,-87.998
31.252,-88.029
31.207,-86.419
30.661,-87.871
31.813,-86.526
31.974,-85.346
30.764,-87.626
32.857,-86.094
31.56,-86.309
33.429,-85.95
33.946,-86.941
31.66,-85.119
33.858,-85.888
33.12,-85.547
33.43,-86.001
31.023,-87.67
32.885,-88.055
32.191,-85.224
33.106,-85.969
31.768,-86.696
34.196,-87.95
30.986,-88.396
33.572,-85.745
31.576,-87.14
32.695,-85.549
31.644,-87.242
31.24,-88.034
32.035,-87.264
32.136,-88.118
31.207,-88.229
33.789,-87.273
32.231,-85.418
33.806,-87.434
31.862,-86.627
32.021,-86.141
30.936,-87.615
32.243,-85
31.099,-87.062
30.82,-87.899
34.462,-86.866
31.165,-85.638
33.331,-87.116
31.112,-87.29
31.196,-85.158
33.137,-88.193
31.251,-88.055
31.505,-87.132
31.077,-87.281
33.955,-87.632
30.495,-88.358
33.697,-86.582
33.985,-87.589
31.987,-87.123
34.204,-85.463
31.119,-88.309
31.323,-87.134
32.472,-85.706
32.637,-87.306
31.185,-87.833
31.022,-87.67
34.459,-85.653
33.437,-86.281
32.478,-85.363
33.628,-85.482
33.776,-86.146
34.306,-87.959
32.87,-86.559
31.803,-86.538
32.299,-85.542
32.724,-85.613
33.222,-86.295
30.862,-87.847
33.792,-85.405
33.462,-86.014
30.698,-87.585
31.728,-85.173
31.98,-85.686
33.254,-87.593
33.688,-85.901
34.35,-85.698
31.636,-87.409
31.034,-86.568
31.669,-87.397
32.146,-85.641
33.706,-85.687
30.82,-88.267
31.066,-87.673
33.706,-86.763
31.109,-88.066
34.485,-85.524
34.248,-87.896
30.58,-87.606
32.894,-85.426
33.188,-86.302
31.781,-86.699
31.322,-88.146
30.988,-87.612
33.735,-87.271
32.188,-85.294
30.804,-88.299
31.512,-85.194
32.964,-86.658
33.835,-85.456
30.797,-87.776
31.088,-87.586
31.109,-88.07
31.12,-88.092
31.876,-86.002
33.247,-85.672
33.709,-85.83
33.7,-87.117
34.627,-87.296
31.479,-86.714
31.115,-86.207
34.716,-85.58
31.114,-88.105
31.063,-86.176
33.817,-87.664
33.508,-85.539
33.281,-87.274
33.704,-85.477
33.312,-87.154
33.92,-85.68
33.671,-85.496
33.994,-85.673
33.648,-85.739
31.105,-88.056
33.734,-87.273
32.241,-85.008
32.401,-85.151
32.779,-88.032
30.356,-88.139
31.834,-88.129
32.414,-85.663
31.142,-88.136
31.855,-87.573
32.344,-86.866
31.442,-85.595
31.35,-87.084
33.876,-86.395
31.107,-88.065
33.711,-85.89
32.293,-85.705
34.048,-86.091
33.341,-86.671
31.103,-87.046
31.165,-85.11
31.521,-85.12
34.395,-86.179
33.892,-85.686
31.777,-86.644
31.187,-87.828
34.216,-87.89
33.608,-86.953
33.006,-85.935
32.65,-85.213
33.489,-85.98
33.72,-88.034
34.842,-86.93
31.134,-85.337
33.06,-87.986
31.325,-88.064
33.962,-85.402
32.323,-85.408
31.098,-85.41
31.485,-87.403
32.778,-85.166
34.251,-88.001
33.362,-85.289
34.401,-85.843
33.837,-87.186
33.115,-87.095
32.027,-85.628
34.594,-86.01
31.506,-86.704
31.271,-87.033
33.435,-85.469
32.29,-88.28
32.82,-86.503
30.434,-88.308
32.056,-85.691
34.106,-86.081
33.439,-86.281
33.789,-86.266
33.29,-87.601
32.874,-86.026
33.804,-85.98
32.956,-86.874
34.901,-87.691
34.307,-86.905
32.282,-87.042
34.112,-87.86
31.406,-87.459
32.825,-86.843
31.319,-87.037
34.565,-85.552
33.497,-85.621
34.721,-87.123
32.947,-86.536
31.971,-87.834
31.564,-87.266
35.004,-87.825
33.393,-85.335
31.127,-88.145
31.055,-87.132
32.435,-85.872
32.265,-85.401
31.174,-85.829
32.52,-86.803
33.174,-87.381
33.652,-87.808
31.958,-85.759
32.416,-85.863
32.908,-86.809
30.735,-87.588
32.034,-85.129
34.256,-87.94
31.969,-88.03
33.047,-87.687
33.737,-87.263
31.119,-88.085
31.774,-88.107
34.779,-87.215
32.811,-86.518
31.405,-87.454
31.636,-85.756
33.411,-86.64
33.338,-86.282
31.124,-87.045
30.993,-87.616
31.367,-86.806
31.016,-85.517
32.42,-85.94
31.263,-86.247
31.463,-86.986
33.486,-85.696
31.38,-85.266
33.814,-85.97
31.553,-86.644
33.015,-86.933
33.87,-87.258
30.564,-87.677
33.848,-87.816
30.653,-87.653
31.036,-85.836
33.149,-86.235
32.97,-86.98
33.62,-86.341
32.025,-85.718
31.166,-85.376
34.562,-85.935
34.884,-86.891
30.432,-88.158
32.293,-87.231
33.099,-86.2
32.383,-85.72
32.284,-86.987
31.045,-85.042
32.919,-88.028
31.515,-86.275
31.305,-87.278
31.123,-88.149
32.269,-85.263
33.059,-85.6
32.178,-86.676
31.904,-86.378
32.133,-87.39
34.306,-88.038
31.079,-87.286
33.726,-86.041
31.206,-85.859
33.757,-86.714
33.577,-87.752
31.363,-85.215
31.461,-86.98
30.564,-87.677
33.627,-87.88
32.34,-85.664
33.207,-86.266
33.946,-87.46
33.938,-86.333
33.968,-86.499
31.896,-85.96
31.771,-87.75
33.883,-85.834
33.422,-85.579
31.037,-85.918
33.826,-88.164
31.688,-86.957
33.652,-87.808
31.628,-87.947
33.871,-87.258
32.053,-88.294
32.442,-86.982
33.403,-85.327
30.378,-88.223
31.629,-87.409
30.342,-87.791
31.942,-86.322
31.198,-87.085
32.46,-85.488
32.092,-86.894
32.475,-85.361
32.329,-86.528
33.48,-85.608
34.575,-85.662
34.896,-85.589
33.842,-87.348
34.519,-85.558
34.15,-87.016
31.222,-85.3
30.884,-88.43
30.252,-87.669
32.665,-87.332
31.104,-88.091
31.037,-85.042
31.991,-86.658
32.241,-86.375
32.665,-86.053
33.108,-87.829
31.299,-88.152
30.596,-88.275
33.273,-87.578
32.278,-87.04
33.89,-86.733
31.001,-87.688
32.569,-86.506
33.478,-86.456
34.222,-85.484
32.48,-85.64
32.087,-88.374
31.122,-88.152
31.317,-86.667
34.211,-87.913
31.736,-85.995
34.299,-85.783
30.691,-88.322
31.253,-87.141
31.99,-85.691
33.163,-85.755
31.342,-87.324
33.621,-85.827
31.868,-86.51
32.195,-86.816
32.82,-86.388
32.602,-86.704
32.218,-87.398
31.461,-87.638
31.158,-86.742
32.144,-85.572
34.886,-85.591
32.828,-85.73
34.839,-85.579
33.681,-86.242
32.447,-85.217
33.916,-85.82
30.696,-88.316
32.005,-85.649
33.645,-85.391
31.443,-86.938
32.316,-85.133
31.856,-87.565
31.265,-86.2
32.572,-85.172
32.511,-87.739
32.162,-87.963
31.993,-87.297
33.327,-87.12
32.789,-85.519
33.337,-85.649
32.467,-86.935
31.654,-85.111
33.71,-88.051
32.618,-86.733
32.423,-87.774
34.193,-87.698
32.461,-85.508
31.715,-85.27
34.328,-85.623
31.42,-86.578
31.88,-87.173
32.837,-87.386
30.477,-87.388
32.769,-86.775
33.704,-87.191
31.604,-87.869
33.629,-87.722
31.893,-87.585
34.425,-85.525
30.798,-88.273
33.196,-85.825
31.251,-87.152
31.27,-85.366
31.039,-85.601
31.609,-86.915
33.688,-85.901
30.396,-88.222
33.398,-87.161
30.686,-88.326
32.958,-86.004
31.932,-87.026
33.919,-86.631
31.387,-85.664
31.33,-85.287
31.295,-88.123
31.185,-86.804
34.038,-87.419
33.893,-86.504
31.713,-87.116
31.483,-85.542
33.221,-86.944
31.746,-85.348
31.509,-85.578
33.409,-85.982
33.706,-85.887
33.616,-86.25
30.82,-87.814
33,-85.286
31.096,-88.088
31.738,-86.028
32.547,-86.453
33.221,-86.944
30.935,-87.615
33.439,-86.15
31.091,-85.265
32.819,-86.43
31.3,-86.925
30.579,-88.175
30.383,-88.132
32.966,-86.082
32.145,-85.623
32.895,-86.361
31.706,-86.813
34.207,-88.021
31.91,-87.365
32.531,-86.437
31.042,-86.428
34.899,-86.804
31.154,-86.438
31.52,-88.299
33.337,-87.497
31.268,-86.265
30.724,-87.873
32.226,-85.09
31.359,-85.483
33.688,-85.901
30.97,-87.735
31.489,-86.739
31.123,-88.116
31.224,-85.133
33.709,-85.889
31.625,-86.806
31.992,-86.586
32.652,-87.323
31.664,-85.115
33.346,-88.029
32.909,-85.795
31.548,-86.527
31.734,-85.166
33.233,-87.315
31.925,-85.951
30.663,-87.538
34.506,-87.675
33.316,-85.946
32.894,-87.618
32.273,-87.623
32.343,-85.245
34.339,-88.076
33.479,-86.652
31.363,-87.785
34.579,-87.315
33.399,-87.928
34.053,-86.011
33.32,-87.129
31.252,-88.039
33.896,-87.185
33.313,-86.24
30.428,-88.162
33.892,-87.872
33.672,-85.118
34.066,-85.822
30.389,-88.248
32.843,-86.321
32.533,-86.461
31.91,-86.957
32.683,-86.567
33.49,-85.486
30.521,-87.458
31.282,-87.156
34.211,-86.887
31.334,-88.031
31.195,-87.173
34.247,-87.721
32.271,-85.566
30.648,-87.657
33.612,-87.23
33.339,-87.117
34.628,-87.968
31.171,-88.041
32.056,-86.703
34.795,-85.859
33.656,-87.978
32.231,-87.404
32.663,-87.554
31.471,-87.719
34.471,-86.959
33.076,-85.515
31.134,-86.111
33.428,-85.296
31.655,-86.587
31.366,-86.61
32.661,-87.331
31.035,-88.358
32.568,-86.839
33.489,-87.37
31.854,-86.243
33.358,-85.984
33.113,-86.581
31.104,-88.055
31.752,-86.513
31.518,-85.588
31.24,-88.037
32.328,-85.177
33.667,-85.515
32.439,-86.977
30.374,-87.776
32.91,-85.697
31.925,-86.244
31.277,-87.078
31.886,-85.273
33.47,-87.816
32.457,-85.873
30.368,-88.125
32.862,-87.913
32.279,-85.25
33.648,-85.415
31.277,-85.593
32.296,-85.232
31.19,-87.092
34.161,-87.025
30.839,-87.837
33.276,-86.643
30.637,-88.407
31.861,-87.67
34.899,-87.846
33.174,-86.679
31.42,-88.283
32.749,-88.084
33.479,-87.798
31.537,-85.553
33.49,-85.465
31.288,-87.19
31.232,-85.129
33.866,-85.901
33.141,-87.107
34.196,-87.727
30.959,-87.788
31.177,-88.02
30.624,-88.402
32.105,-88.007
32.56,-87.015
31.234,-88.209
30.797,-88.274
31.087,-87.652
33.839,-88.202
33.962,-85.643
34.236,-87.045
32.015,-87.343
32.418,-87.54
32.929,-85.796
31.488,-85.534
34.12,-87.981
31.596,-85.808
31.91,-85.921
31.83,-88.153
31.198,-85.959
31.821,-87.387
30.531,-87.576
31.191,-87.051
33.81,-88.068
32.523,-87.727
32.29,-85.56
32.639,-85.182
30.4,-87.447
32.827,-85.739
33.019,-88.092
31.033,-87.217
32.603,-86.438
34.888,-87.578
31.142,-85.56
31.516,-86.779
31.247,-87.152
33.337,-86.683
33.164,-85.746
31.655,-86.696
31.406,-86.518
32.626,-86.068
34.74,-85.737
32.426,-85.691
34.423,-85.621
32.96,-87.273
34.484,-85.755
32.841,-87.906
31.04,-87.855
31.144,-88.055
32.438,-86.975
30.594,-88.278
31.586,-87.298
33.216,-87.811
33.54,-85.905
32.122,-85.942
33.07,-86.679
32.771,-86.778
31.53,-88.213
32.936,-86.67
31.331,-85.639
33,-87.604
33.35,-87.124
31.705,-87.112
31.253,-88.076
33.962,-87.096
31.18,-88.042
34.082,-85.462
33.553,-87.851
31.182,-88.027
31.643,-87.923
33.257,-87.053
33.396,-86.046
30.911,-88.034
34.146,-87.016
34.346,-85.824
32.945,-87.592
31.058,-88.416
33.298,-87.279
32.607,-87.321
34.845,-85.585
31.584,-85.314
32.38,-85.797
32.669,-86.779
31.898,-87.46
33.801,-85.411
30.931,-87.835
31.251,-88.083
32.28,-85.336
30.992,-88.103
33.808,-86.417
33.199,-85.531
33.695,-85.884
31.752,-86.514
31.492,-88.397
34.028,-87.405
31.88,-85.158
31.428,-87.205
34.5,-85.965
32.325,-85.823
32.039,-87.517
31.727,-87.641
30.881,-88.144
32.986,-86.858
31.179,-87.821
33.63,-85.55
31.437,-86.329
31.228,-87.123
31.012,-85.523
32.63,-87.306
32.156,-87.335
32.478,-85.815
33.779,-85.408
32.528,-85.368
31.323,-87.028
33.115,-87.19
33.353,-85.832
33.31,-86.734
30.675,-87.635
31.12,-88.15
31.017,-87.688
32.655,-86.135
31.364,-86.867
33.453,-86.234
33.724,-88.178
31.272,-88.081
31.482,-87.466
31.843,-87.537
30.646,-87.914
30.392,-87.556
31.196,-88.067
33.316,-88.176
31.257,-88.041
33.713,-86.343
33.166,-86.208
31.837,-86.926
32.57,-85.172
31.296,-86.919
31.855,-87.565
31.141,-87.865
31.527,-85.154
31.903,-85.163
30.727,-87.688
31.484,-86.137
32.075,-85.974
33.859,-87.801
33.706,-85.887
31.862,-87.492
34.193,-86.499
31.07,-87.322
31.15,-88.038
32.907,-85.28
32.835,-86.303
32.844,-87.341
31.163,-87.174
32.526,-86.803
33.799,-85.441
31.814,-86.336
33.846,-86.237
31.09,-88.298
30.311,-87.742
31.793,-85.168
33.715,-88.062
31.724,-86.617
32.231,-87.41
32.937,-86.606
32.602,-87.303
31.601,-87.238
32.872,-86.115
31.246,-88.038
32.464,-85.433
31.96,-87.271
32.202,-87.443
31.689,-86.748
34.089,-87
32.743,-87.697
33.716,-87.172
31.452,-87.332
33.416,-86.105
32.619,-87.372
33.189,-88.086
32.906,-85.263
31.162,-88.019
31.639,-86.699
33.992,-85.672
31.97,-87.659
31.041,-87.66
31.347,-87.825
33.552,-86.891
31.799,-86.672
30.922,-88.206
34.241,-88.069
33.334,-87.149
33.715,-87.177
33.292,-87.227
30.4,-88.243
31.873,-86.616
31.137,-85.934
33.728,-87.257
32.457,-85.855
33.062,-85.232
31.934,-87.023
34.706,-86.984
33.68,-87.459
32.339,-87.175
33.821,-85.447
34.314,-85.482
31.171,-88.042
33.731,-88.17
33.738,-87.262
31.322,-85.185
32.107,-86.301
31.737,-86.787
34.592,-85.642
34.225,-85.979
31.872,-85.722
31.647,-86.906
31.488,-86.738
32.283,-85.559
33.735,-87.204
31.171,-88.041
32.349,-86.968
33.73,-88.05
31.58,-87.95
33.462,-87.662
34.031,-87.33
31.088,-88.118
33.591,-86.902
32.043,-86.763
33.158,-86.521
33.959,-87.021
33.105,-87.046
30.689,-87.648
34.332,-85.76
30.644,-87.596
33.484,-85.614
32.443,-86.648
34.397,-86.001
32.869,-87.305
33.47,-87.817
33.345,-86.659
31.162,-88.019
31.03,-87.875
31.441,-86.984
33.695,-85.408
30.958,-87.776
33.804,-87.446
31.025,-88.197
33.902,-86.41
33.837,-88.201
31.101,-88.276
32.236,-85.443
34.233,-87.514
31.693,-85.544
31.877,-87.07
33.62,-85.851
33.144,-88.22
33.989,-87.558
31.038,-88.359
31.427,-85.333
33.502,-86.103
31.053,-88.207
33.218,-86.667
33.873,-87.31
33.921,-86.242
32.836,-85.794
31.145,-87.208
32.743,-86.804
31.521,-87.023
32.921,-85.724
32.098,-87.984
31.36,-85.48
32.948,-87.623
31.133,-85.726
32.339,-87.175
31.235,-88.048
31.695,-86.644
33.703,-88.107
33.236,-87.349
33.706,-85.887
33.748,-85.454
32.992,-85.407
33.683,-85.821
31.141,-88.046
33.41,-87.738
34.076,-88.025
31.944,-88.355
33.508,-87.737
33.839,-86.213
34.326,-85.731
31.218,-87.184
33.493,-86.696
31.051,-87.668
32.656,-87.382
33.889,-87.398
32.395,-87.017
31.657,-85.615
33.835,-85.456
33.318,-87.131
30.8,-87.822
31.766,-85.467
34.158,-87.023
32.607,-87.321
33.735,-85.917
31.856,-85.877
33.339,-87.482
31.178,-86.289
32.378,-87.718
31.85,-87.564
32.054,-87.54
33.916,-87.749
31.521,-85.899
31.708,-85.233
34.809,-87.07
31.998,-86.849
31.788,-86.637
33.469,-86.229
33.402,-87.294
35.005,-87.878
33.215,-86.871
31.128,-88.142
32.805,-86.748
32.184,-85.997
33.957,-88.046
34.962,-86.864
33.073,-86.063
32.853,-85.267
34.152,-87.605
31.738,-86.532
31.41,-88.026
34.405,-85.489
34.553,-86.068
33.754,-88.219
31.207,-87.081
33.63,-85.678
33.322,-85.979
31.886,-86.202
32.458,-86.059
31.512,-88.339
31.135,-88.292
31.962,-86.415
31.392,-86.475
31.162,-88.019
30.703,-87.75
31.658,-85.118
33.415,-86.437
31.013,-86.754
32.224,-87.782
31.94,-87.143
31.653,-85.105
30.63,-87.885
33.539,-85.668
31.417,-85.401
33.62,-86.052
34.821,-86.905
32.735,-87.563
33.59,-86.902
31.931,-85.203
34.102,-86.247
34.232,-87.01
32.651,-85.19
33.747,-86.124
32.173,-86.654
31.54,-85.468
33.576,-85.546
33.705,-86.011
32.725,-86.865
31.041,-88.281
30.843,-88.409
32.654,-87.325
31.162,-88.019
31.172,-88.042
30.404,-88.123
33.83,-87.033
31.787,-86.667
31.126,-88.33
33.98,-85.64
32.994,-87.012
31.868,-85.28
34.057,-87.041
33.453,-86.241
33.633,-86.845
31.936,-86.07
31.25,-88.005
32.916,-87.848
31.944,-88.353
32.767,-85.854
33.088,-87.008
34.027,-87.56
32.882,-87.906
33.863,-88.2
31.656,-86.566
33.715,-87.17
33.137,-86.697
32.958,-86.004
34.513,-85.79
31.694,-88.253
31.011,-87.109
32.908,-85.768
34.939,-86.632
31.125,-85.214
33.853,-87.767
34.245,-87.483
34.696,-87.631
30.739,-87.874
31.184,-85.138
33.227,-86.688
32.607,-87.321
34.237,-88.006
32.632,-86.809
31.076,-86.186
30.955,-87.651
33.318,-87.13
30.973,-87.837
30.871,-87.755
31.803,-86.155
30.455,-88.199
33.521,-85.525
30.4,-88.237
33.231,-86.683
32.958,-87.297
31.991,-87.371
33.371,-85.63
31.014,-85.161
31.076,-85.554
31.035,-87.663
32.966,-86.038
32.767,-87.408
32.917,-85.78
30.443,-87.609
33.742,-85.462
33.898,-87.99
33.819,-87.153
34.346,-86.998
30.984,-88.264
33.02,-86.103
30.308,-87.642
31.011,-88.075
30.705,-87.843
33.579,-87.224
31.261,-86.793
33.764,-86.23
31.419,-86.886
31.329,-88.248
34.169,-87.971
31.403,-87.187
32.461,-86.641
31.509,-86.048
33.723,-88.035
32.34,-85.226
33.679,-87.804
31.259,-86.652
33.591,-86.902
31.093,-87.44
30.718,-87.849
34.14,-85.551
33.355,-86.151
31.835,-86.607
30.389,-87.555
31.738,-87.887
32.749,-86.718
33.898,-87.703
31.501,-85.656
32.164,-87.349
31.443,-86.032
31.52,-88.299
33.658,-85.584
32.145,-86.04
31.212,-86.344
33.017,-86.405
31.745,-86.63
31.287,-86.528
31.704,-86.811
32.045,-86.804
33.375,-87.538
31.666,-88.251
32.44,-86.979
33.248,-86.334
33.831,-87.032
32.336,-85.019
34.326,-88.075
31.048,-87.853
33.663,-85.73
33.502,-86.656
32.352,-88.249
31.273,-88.076
31.144,-88.081
32.381,-85.741
34.184,-86.916
31.088,-87.353
32.775,-87.679
31.2,-85.895
31.754,-86.181
32.898,-86.255
32.137,-86.509
31.326,-87.832
33.249,-88.144
32.607,-87.331
30.414,-88.271
31.631,-87.782
32.661,-86.415
31.362,-85.422
32.48730611,-85.58659448
31.15666579,-86.49821467
32.85595613,-87.384515
32.91628495,-87.38127267
34.40306208,-85.61722681
34.44250653,-85.60472681
34.38240209,-85.6288747
33.76840639,-85.55328453
34.29111761,-85.69139349
34.39183985,-85.61784625
34.32019644,-87.11937501
34.21413641,-87.37345508
34.27102643,-87.32070506
34.25968642,-87.33395507
34.22878642,-87.36233507
34.84090317,-87.92443589
34.86415831,-87.90452551
33.49891248,-85.72412922
33.51795032,-86.08311567
33.59199635,-85.69368456
33.62217335,-85.65717156
33.61986636,-85.62437455
33.17233441,-86.09361399
33.32978112,-85.99415024
33.43257631,-85.82986459
33.34772628,-86.10464467
33.35319628,-86.09747467
33.36121628,-86.08110466
33.24902626,-86.11047466
32.99862616,-87.357385
33.02511616,-87.38143501
31.285,-85.113
31.756,-87.777
31.388,-85.439
30.793,-88.208
34.24,-88.113
31.426,-85.319
33.517,-87.251
32.477,-85.817
31.2,-86.405
31.99,-87.192
33.877,-87.249
32.615,-87.399
33.833,-87.251
31.433,-85.342
32.44,-87.737
34.284,-85.795
33.706,-85.887
33.827,-86.471
31.741,-86.702
31.1,-87.038
30.772,-87.857
30.964,-87.585
31.862,-86.703
32.537,-86.928
31.269,-88.431
31.218,-85.283
30.904,-88.229
31.004,-87.357
31.131,-85.447
32.731,-87.986
32.908,-86.205
31.393,-85.474
34.104,-86.734
32.549,-86.659
34.169,-87.824
30.88,-88.072
32.132,-87.058
31.172,-85.437
31.85,-87.118
33.885,-85.704
33.727,-85.993
34.346,-85.822
31.008,-85.409
32.549,-86.655
31.216,-87.209
31.086,-87.798
32.952,-86.367
33.711,-86.35
32.887,-86.477
32.579,-86.613
31.796,-85.15
31.104,-86.456
34.911,-87.691
30.875,-88.073
33.154,-87.261
31.364,-86.802
31.64,-86.77
31.561,-87.859
32.47,-86.993
31.518,-86.334
31.697,-87.215
31.562,-87.86
31.038,-87.622
32.145,-85.62
31.794,-86.628
32.091,-87.943
33.852,-86.83
32.709,-86.534
31.765,-87.763
31.249,-87.356
31.267,-87.138
33.878,-87.324
31.111,-85.137
31.189,-86.578
32.086,-87.998
32.408,-87.03
33.466,-86.021
32.603,-86.67
32.346,-87.173
32.485,-87.013
33.663,-87.987
33.017,-85.415
32.85,-87.948
30.99,-87.615
32.923,-86.516
32.659,-87.247
33.693,-87.137
34.573,-85.865
32.938,-86.516
32.372,-87.094
32.915,-85.809
32.8,-86.877
34.023,-86.545
32.432,-87.113
32.457,-86.871
31.627,-86.628
33.1,-86.471
31.568,-86.544
32.814,-86.83
33.591,-85.436
32.641,-88.239
33.226,-87.401
34.025,-87.445
33.715,-86.689
32.451,-86.626
32.911,-86.258
31.236,-85.836
32.879,-86.569
32.018,-87.437
32.068,-85.701
32.293,-86.949
31.754,-86.287
32.316,-85.191
33.157,-87.322
33.178,-86.788
31.327,-86.246
31.723,-86.27
33.438,-86.148
32.146,-85.778
33.926,-87.22
31.184,-87.604
33.521,-87.675
33.621,-86.344
30.549,-88.21
31.257,-88.07
32.704,-86.653
33.442,-85.548
31.38,-86.587
31.565,-87.47
32.05,-87.346
31.817,-87.613
32.192,-87.956
30.933,-88.141
32.5,-86.71
31.186,-87.945
33.113,-85.988
32.754,-88.077
33.756,-86.813
32.46,-85.555
33.765,-85.712
33.894,-85.759
34.162,-85.861
34.322,-85.616
33.903,-86.654
33.183,-85.852
32.625,-87.306
33.272,-86.24
33.337,-87.342
31.654,-85.111
33.371,-87.212
32.94,-85.453
32.636,-87.316
32.337,-85.174
33.419,-87.359
34.077,-85.676
32.739,-86.774
32.455,-86
33.723,-87.178
33.065,-87.207
33.442,-87.295
34.352,-86.167
32.633,-86.697
33.755,-86.813
33.719,-86.359
31.971,-87.946
33.047,-86.493
32.437,-86.634
33.158,-88.083
33.354,-85.594
34.088,-86.883
32.411,-85.506
33.934,-85.733
31.88,-88.175
33.409,-87.329
34.165,-86.399
31.882,-87.194
34.143,-87.258
32.799,-86.527
32.153,-87.672
33.238,-85.521
33.065,-87.207
32.872,-85.766
33.441,-87.297
34.096,-85.497
32.449,-85.27
32.633,-86.697
33.968,-86.999
32.853,-86.512
34.118,-85.709
32.623,-87.322
33.505,-86.139
33.917,-85.679
32.849,-86.662
34.639,-87.217
32.429,-85.772
32.487,-86.883
33.527,-87.459
32.723,-87.177
34.118,-85.709
32.398,-85.725
33.439,-85.573
34.372,-85.838
33.491,-85.599
33.098,-85.521
32.44,-87.246
32.516,-86.538
34.643,-85.832
33.505,-86.139
32.808,-86.321
32.945,-85.545
34.908,-87.702
31.511,-86.998
31.52,-88.299
33.779,-85.408
30.648,-87.598
32.995,-86.646
32.475,-85.314
32.915,-85.8
33.674,-87.395
33.126,-86.546
31.814,-88.104
32.479,-86.874
31.717,-86.729
31.964,-87.982
31.976,-87.332
33.934,-85.733
33.07,-85.898
34.171,-88.108
32.397,-87.465
33.71,-87.241
33.691,-86.247
30.552,-88.21
31.218,-88.308
31.145,-88.26
31.283,-87
33.772,-85.381
33.482,-86.631
34.458,-85.892
33.482,-86.631
33.757,-85.391
33.43,-86.446
33.204,-86.151
31.247,-87.243
34.037,-85.556
33.285,-86.233
33.686,-86.246
34.489,-87.804
31.688,-86.749
31.68,-86.754
31.901,-87.156
33.397,-87.052
32.893,-86.681
33.179,-85.853
32.337,-87.09
33.352,-86.146
33.913,-85.674
31.218,-88.308
33.151,-86.609
34.387,-85.768
31.776,-85.467
30.962,-87.766
33.359,-86.148
32.747,-86.804
33.27,-85.324
31.923,-85.745
31.247,-87.243
31.048,-87.855
33.207,-85.817
32.237,-86.619
31.412,-85.532
30.362,-88.144
34.448,-85.96
34.088,-86.123
33.352,-86.327
32.432,-86.992
34.043,-87.056
32.158,-87.171
32.531,-87.187
32.917,-85.814
33.679,-85.375
31.173,-85.996
32.948,-85.742
34.36,-85.882
33.97,-85.853
31.087,-88.117
33.313,-86.557
34.558,-86.891
31.087,-85.264
33.109,-85.866
31.174,-85.996
31.92,-86.108
31.36,-87.534
34.646,-87.492
32.516,-87.988
31.678,-85.312
32.527,-86.788
31.148,-86.452
33.386,-87.103
33.095,-86.053
32.691,-87.11
31.022,-87.099
34.769,-87.002
33.906,-87.791
32.802,-86.883
32.353,-86.017
33.203,-85.819
31.598,-86.828
33.886,-86.167
31.677,-85.885
31.406,-86.105
33.153,-86.621
32.703,-86.491
31.066,-88.082
31.034,-87.163
32.695,-86.269
31.037,-88.17
30.998,-85.739
32.772,-85.831
32.286,-87.247
34.233,-86.994
32.123,-87.905
32.055,-87.803
32.591,-87.2
31.795,-87.253
34.56,-86.615
32.596,-87.201
32.602,-87.204
32.613,-87.209
32.615,-87.21
32.62,-87.211
32.621,-87.211
32.623,-87.212
32.625,-87.213
32.628,-87.213
32.634,-87.215
32.637,-87.216
32.642,-87.217
33.378,-85.35
33.856,-86.912
32.394,-85.924
33.348,-85.432
31.224,-86.017
33.99,-86.152
33.485,-85.53
32.953,-85.996
33.842,-85.602
33.207,-85.792
33.391,-85.612
33.509,-85.649
32.634,-87.215
33.303,-85.421
32.191,-85.5
32.469,-86.016
31.082,-85.589
31.447,-87.61
33.649,-87.664
32.967,-87.618
31.092,-87.194
32.557,-86.46
33.647,-88.123
33.735,-85.424
32.077,-88.128
32.158,-85.689
32.363,-87.303
31.905,-86.059
33.5,-86.364
34.923,-87.573
32.339,-87.09
33.815,-86.214
33.113,-86.579
33.891,-85.688
33.352,-86.327
31.243,-85.865
34.394,-85.901
33.906,-88.058
32.054,-87.574
34.777,-87.125
32.097,-87.775
33.321,-85.379
31.609,-85.883
32.864,-85.435
32.349,-85.035
33.837,-86.568
33.393,-85.329
33.23,-86.418
33.383,-86.274
31.677,-85.883
32.019,-85.52
34.524,-86.064
31.509,-86.093
32.284,-86.307
33.436,-85.466
33.385,-86.304
33.864,-85.746
34.077,-85.672
34.101,-86.879
34.848,-85.584
33.877,-85.765
33.837,-86.568
31.463,-87.119
31.898,-87.459
34.631,-85.774
31.206,-88.381
33.823,-86.288
33.84,-87.376
33.886,-87.349
32.501,-86.504
32.438,-86.983
33.295,-86.242
32.906,-86.725
31.438,-87.989
34.558,-85.798
31.905,-88.072
32.779,-85.692
34.078,-86.395
33.908,-85.666
31.567,-88.313
31.606,-85.255
33.732,-85.95
32.128,-86.081
33.663,-87.288
32.733,-86.813
34.16,-87.886
33.934,-85.674
33.225,-86.454
31.736,-85.908
32.091,-87.782
33.816,-86.243
34.294,-85.762
33.47,-85.603
33.715,-86.147
32.556,-86.519
34.394,-85.901
34.572,-85.771
33.875,-87.481
30.788,-87.856
33.262,-85.581
32.993,-86.452
32.385,-86.81
34.756,-87.774
32.343,-86.998
32.313,-87.451
34.78,-87.241
33.854,-87.566
32.894,-86.567
33.078,-86.54
32.595,-86.275
34.572,-85.688
31.635,-86.325
32.444,-85.664
33.69,-86.752
33.864,-85.744
33.034,-85.892
33.908,-85.861
31.927,-86.573
33.224,-86.452
31.345,-86.044
34.594,-85.915
32.336,-87.091
31.347,-86.047
33.44,-85.486
34.347,-85.826
33.965,-85.642
33.898,-85.696
34.507,-85.546
33.853,-87.565
32.006,-85.731
34.291,-85.811
32.266,-85.234
34.798,-87.044
31.734,-86.702
32.975,-85.547
33.986,-87.816
33.733,-86.364
33.38,-86.279
31.32,-86.351
33.462,-85.807
34.198,-86.996
33.059,-86.762
33.653,-86.295
34.227,-87.194
34.554,-86.026
32.444,-87.123
32.929,-86.141
34.298,-85.762
32.191,-86.466
34.224,-86.843
33.648,-86.069
32.868,-86.663
34.609,-86.826
32.082,-88.123
32.763,-85.486
31.15,-87.378
33.214,-85.314
32.257,-85.352
32.768,-85.877
32.315,-85.083
31.673,-85.494
32.141,-88.23
34.553,-87.759
32.175,-86.36
32.371,-85.087
34.713,-85.835
34.825,-85.601
33.528,-87.234
33.221,-86.673
31.438,-87.989
32.784,-87.775
34.103,-87.204
32.175,-86.347
32.175,-86.357
33.56,-85.389
33.474,-87.004
32.953,-87.836
31.675,-85.314
32.033,-88.316
31.139,-88.057
32.569,-87.037
33.923,-85.755
33.286,-87.605
34.068,-87.027
31.032,-86.203
31.98,-86.515
34.246,-86.843
33.827,-87.224
33.938,-86.334
34.251,-86.887
33.814,-86.236
33.426,-87.273
30.91,-87.617
34.893,-85.771
33.767,-86.031
32.042,-85.557
32.566,-86.522
34.63,-86.263
34.794,-86.521
34.249,-86.957
32.399,-87.091
31.043,-85.867
34.181,-86.461
31.111,-88.091
33.678,-85.394
33.143,-86.626
31.962,-87.283
34.557,-86.026
33.819,-87.499
31.531,-85.291
31.904,-86.061
31.414,-86.108
31.362,-86.395
31.516,-87.031
34.555,-86.025
31.402,-86.407
32.394,-87.717
31.033,-87.344
31.108,-87.027
31.253,-85.159
32.004,-85.669
34.234,-85.727
31.768,-86.755
32.29,-85.628
33.008,-86.829
31.648,-85.269
32.287,-87.026
32.171,-86.79
31.639,-85.956
31.32,-85.71
34.236,-87.045
34.359,-87.681
32.672,-87.4
33.053,-87.25
33.401,-86.321
34.53,-85.69
31.197,-85.897
33.368,-86.369
34.102,-85.457
33.895,-87.724
33.935,-87.709
34.289,-86.086
32.327,-86.734
31.574,-85.481
34.359,-85.986
33.06,-86.071
33.504,-85.56
33.091,-85.315
32.225,-85.321
34.812,-87.104
33.105,-85.353
32.931,-86.819
32.079,-88.288
31.139,-87.433
31.678,-85.148
33.836,-85.453
34.59,-87.52
32.802,-86.88
32.01,-88.312
32.92,-86.922
33.576,-86.449
33.744,-85.954
32.464,-86.635
34.842,-86.931
34.203,-85.981
33.114,-86.61
31.39,-86.572
31.391,-86.582
30.716,-87.869
30.797,-88.401
34.326,-86.629
34.457,-86.564
33.592,-86.804
32.261,-86.581
33.844,-86.983
34.937,-87.773
32.679,-86.746
32.683,-86.753
32.704,-87.112
33.541,-86.9
33.114,-86.237
34.053,-85.656
32.264,-85.49
33.724,-88.044
31.058,-86.352
33.272,-86.343
33.895,-87.472
33.214,-85.538
34.074,-88.185
31.004,-87.624
30.621,-87.631
32.404,-88.356
33.152,-86.622
33.859,-86.27
31.992,-85.698
33.079,-85.25
33.809,-86.764
32.331,-87.23
32.262,-87.266
31.757,-88.206
32.001,-87.885
34.267,-86.098
33.804,-86.865
30.665,-88.318
32.264,-85.49
31.882,-88.318
31.789,-86.738
34.916,-85.738
32.475,-85.664
33.576,-85.549
33.395,-86.037
32.866,-86.579
33.005,-85.369
32.625,-85.19
32.31,-87.774
34.858,-87.688
31.677,-85.312
31.861,-87.571
33.728,-87.32
32.185,-85.512
31.101,-87.035
33.339,-87.086
32.636,-87.366
34.382,-85.881
32.264,-85.49
33.754,-86.794
31.606,-87.079
34.64,-86.902
32.642,-87.317
33.229,-85.357
32.058,-85.689
32.26,-86.986
33.391,-86.294
34.036,-87.436
31.762,-85.75
32.056,-86.494
33.712,-85.656
31.063,-86.013
32.088,-86.56
31.934,-87.033
32.629,-87.366
34.928,-87.87
32.442,-85.828
34.23,-86.104
31.16,-87.37
32.914,-86.26
31.543,-87.872
31.653,-85.665
31.999,-87.339
31.347,-86.649
33.738,-87.269
34.549,-87.572
33.828,-87.694
32.243,-86.75
34.665,-87.59
34.016,-87.748
32.01,-87.316
33.752,-85.476
32.419,-86.883
34.672,-85.856
34.86,-86.921
31.463,-86.748
33.225,-86.425
32.439,-87.102
32.295,-87.49
32.288,-86.765
34.907,-87.806
32.41,-85.871
34.194,-87.482
32.45,-87.418
33.639,-85.545
32.777,-86.111
32.878,-86.036
32.448,-85.795
31.166,-87.369
33.879,-87.338
31.031,-85.629
33.831,-88.164
31.716,-86.851
32.027,-88.456
33.795,-88.018
32.089,-87.649
31.678,-85.309
33.218,-86.472
31.19,-87.484
34.727,-87.838
31.463,-86.068
33.433,-86.197
34.89,-85.767
31.949,-87.159
31.043,-87.181
31.427,-86.262
32.598,-87.383
31.406,-86.081
34.763,-86.807
33.588,-87.008
31.087,-86.115
31.957,-85.876
34.163,-87.022
33.396,-86.294
34.007,-85.496
31.378,-86.353
34.78,-87.001
33.331,-85.795
33.459,-86.194
34.059,-86.808
33.576,-86.447
33.297,-85.735
32.805,-86.7
33.908,-87.219
33.864,-87.16
32.164,-87.737
31.801,-87.486
33.218,-86.472
31.031,-85.629
33.233,-86.274
33.126,-88.187
31.741,-88.041
32.54,-85.563
34.28,-86.344
31.006,-86.505
33.631,-86.828
34.231,-86.79
34.99,-85.766
33.171,-85.779
34.34,-86
33.403,-86.318
32.83,-87.981
31.13,-85.371
30.967,-87.679
32.759,-88.012
33.89,-87.757
32.404,-87.108
31.662,-86.784
31.649,-85.26
34.219,-86.073
33.472,-85.382
34.548,-87.963
33.837,-86.567
32.804,-86.7
32.876,-86.069
33.823,-86.571
31.351,-86.471
33.523,-88.089
33.474,-86.201
32.009,-87.333
32.467,-85.708
32.434,-85.874
34.3,-85.76
30.663,-88.318
34.548,-87.963
32.871,-85.472
31.179,-87.979
34.814,-86.271
34.88,-85.777
32.446,-85.751
32.476,-86.877
33.819,-86.741
32.296,-85.177
34.25,-87.635
33.935,-85.884
31.511,-88.374
33.507,-85.393
33.295,-85.731
34.542,-87.956
32.44,-85.836
32.151,-86.076
32.442,-85.825
34.095,-85.674
33.915,-85.451
33.217,-88.159
34.107,-85.686
34.951,-87.78
33.834,-86.352
31.133,-87.05
33.5,-85.382
31.769,-86.862
32.354,-85.181
32.895,-87.403
31.359,-88.39
32.042,-85.158
32.463,-85.71
34.274,-85.807
31.075,-86.316
33.49,-86.149
33.868,-87.841
32.361,-85.033
32.455,-88.398
32.481,-88.2
32.405,-88.134
32.391,-88.147
34.574,-87.295
34.842,-85.598
31.093,-85.775
33.35,-86.897
33.022,-86.592
31.835,-86.54
31.035,-87.163
31.661,-85.51
31.84,-86.54
31.785,-88
31.399,-86.369
32.737,-86.565
31.255,-88.062
32.031,-85.756
31.112,-88.073
33.851,-88.1
31.334,-86.518
31.04,-88.227
32.535,-87.431
33.442,-86.457
34.852,-85.618
31.193,-85.332
32.809,-88.012
33.672,-87.115
31.176,-87.976
32.033,-85.757
33.537,-88.012
32.7,-86.465
32.972,-85.863
31.145,-85.103
31.067,-87.367
31.89,-88.321
32.052,-88.294
32.353,-88.384
31.372,-85.521
31.048,-85.578
33.298,-85.373
32.473,-85.184
31.214,-88.42
32.263,-86.941
30.658,-88.32
31.029,-85.587
31.035,-85.586
31.414,-86.54
32.129,-85.563
32.317,-85.076
30.702,-87.775
34.013,-85.428
32.456,-87.83
32.808,-86.881
33.406,-85.981
32.165,-86.134
32.812,-86.881
32.352,-85.033
33.12,-87.961
32.203,-85.304
32.566,-85.747
31.677,-86.756
34.713,-85.991
32.06,-87.604
32.5,-85.828
31.967,-86.376
33.1,-86.064
32.317,-85.076
32.271,-87.032
33.899,-86.408
32.49,-85.76
31.933,-86.048
31.934,-86.05
34.534,-86.032
32.362,-85.19
32.137,-86.442
32.472,-85.814
31.507,-86.947
31.082,-85.081
32.528,-85.568
31.091,-85.56
32.806,-85.665
33.6,-86.328
31.85,-86.111
30.698,-88.347
32.03,-85.121
33.628,-86.345
33.849,-86.882
31.588,-85.564
32.147,-85.541
31.93,-87.064
34.413,-85.896
32.294,-86.707
33.461,-85.497
33.561,-87.979
32.242,-85.525
33.029,-86.584
34.331,-85.941
32.78,-85.72
34.331,-85.664
32.841,-87.96
34.934,-87.28
31.844,-87.55
33.74,-86.703
32.365,-87.116
34.839,-85.631
33.728,-86.639
33.231,-86.68
32.11,-86.953
34.442,-86.501
33.061,-87.208
33.226,-86.678
32.866,-86.728
31.759,-85.314
33.028,-86.589
31.738,-86.715
32.047,-86.74
33.732,-85.477
33.048,-86.896
31.734,-85.261
33.002,-87.355
33.789,-87.425
30.917,-88.249
34.836,-87.036
30.848,-87.827
31.638,-86.817
34.121,-88.01
32.828,-87.872
30.546,-88.202
34.813,-88.09
32.459,-88.145
34.289,-85.809
34.344,-85.914
31.001,-87.335
32.615,-88.038
32.465,-87.072
33.613,-87.856
33.651,-88.048
34.213,-85.996
33.058,-87.457
31.801,-87.555
34.86,-86.897
34.161,-87.025
34.724,-88.011
34.812,-88.087
34.37,-86.742
31.428,-87.296
32.073,-85.533
33.442,-87.302
32.715,-86.885
32.448,-85.278
32.934,-86.66
33.979,-86.772
33.298,-87.134
31.139,-88.299
33.899,-85.818
33.327,-87.327
31.608,-88.194
33.278,-88.278
33.858,-85.774
33.063,-86.039
30.793,-87.892
33.637,-86.75
33.899,-85.819
33.623,-86.346
33.479,-86.017
33.24,-85.902
33.371,-86.282
32.685,-87.605
32.127,-85.265
33.818,-86.732
33.105,-86.314
31.89,-88.276
30.36,-88.118
33.858,-85.764
34.354,-86.631
32.655,-88.01
31.125,-88.091
33.955,-85.631
32.073,-86.995
31.115,-88.083
34.094,-86.149
32.758,-86.608
33.091,-85.811
32.808,-86.688
32.994,-86.791
33.059,-87.028
31.936,-87.124
34.486,-87.048
33.482,-85.406
33.254,-86.361
34.015,-86.138
34.633,-86.302
33.945,-85.604
31.694,-86.687
30.987,-87.692
30.994,-87.691
31.582,-87.449
32.478,-87.041
31.299,-86.82
33.223,-87.021
32.939277,-87.32921
32.99723,-87.30439