45.59611111,-116.29972222
45.63944444,-116.35972222
45.68277778,-116.05138889
46.75166667,-115.60833333
46.61388889,-114.57472222
45.98777778,-115.35361111
46.37222222,-115.45944444
45.28833333,-116.36166667
45.83694444,-116
46.75388889,-115.08305556
45.10388889,-116.62138889
45.44305556,-114.99888889
45.44222222,-115.74916667
45.54,-114.0075
45.255,-113.93777778
45.59611111,-114.08083333
44.40805556,-114.74611111
45.6125,-113.94777778
45.07611111,-113.98861111
45.29888889,-114.26472222
43.89611111,-114.16833333
44.29277778,-115.03944444
44.06,-114.84555556
44.22833333,-115.08194444
43.60111111,-114.73888889
43.63527778,-114.16611111
42.0875,-114.10333333
42.89972222,-112.11027778
44.08833333,-116.09861111
44.34833333,-115.65111111
43.73027778,-115.28055556
44.58916667,-115.80777778
43.67888889,-115.975
43.82111111,-115.13444444
44.55305556,-116.14305556
44.08388889,-115.32861111
43.69861111,-115.74194444
45.65,-114.69
45.83888889,-114.74222222
47.62833333,-116.67166667
47.66194444,-116.25722222
47.1775,-115.86277778
47.05166667,-115.77027778
47.62,-115.93472222
45.83166667,-114.88
48.96361111,-116.37027778
48.57638889,-116.94916667
47.05777778,-115.34944444
48.74277778,-116.42055556
48.36777778,-116.78972222
46.96305556,-116.20416667
48.76861111,-116.10111111
48.26305556,-116.94777778
48.94555556,-116.23888889
47.95833333,-116.28583333
48.99138889,-116.40194444
47.70194444,-115.82555556
48.10777778,-116.78527778
48.33361111,-117.02638889
45.47416667,-116.31638889
45.98861111,-115.83388889
45.75166667,-115.49583333
46.01027778,-114.91888889
46.01555556,-115.67888889
46.42888889,-115.75944444
45.98444444,-115.62833333
46.57277778,-114.78944444
45.55638889,-115.30583333
46.27527778,-115.67
43.93222222,-115.56638889
43.74888889,-116.11388889
44.62416667,-115.6425
44.15805556,-115.29722222
43.84722222,-115.74361111
44.35472222,-115.64722222
43.95611111,-115.36333333
44.59527778,-115.81166667
44.58388889,-115.82833333
43.74777778,-115.26472222
44.67,-116.13444444
44.10416667,-115.30722222
45.01972222,-115.42638889
45.10944444,-115.58611111
44.97333333,-116.15
45.23972222,-116.47027778
45.29472222,-115.53583333
45.59083333,-114.04583333
44.93916667,-114.5875
44.64583333,-113.875
44.29972222,-115.18777778
45.32944444,-114.615
45.37194444,-113.86361111
45.28166667,-114.41111111
44.83638889,-114.35083333
43.62194444,-115.16666667
43.94305556,-114.82888889
42.22194444,-111.5
42.69305556,-111.31027778
45.64111111,-114.81888889
45.55916667,-114.65805556
46.96833333,-116.10166667
48.40722222,-116.99166667
48.75555556,-116.97527778
47.83222222,-116.44138889
48.71722222,-116.39777778
45.85861111,-115.94333333
45.67277778,-116.30555556
45.59111111,-115.22555556
46.4775,-115.1475
46.28638889,-115.745
45.98027778,-115.3375
46.51666667,-115.62
45.53416667,-116.34055556
46.24666667,-115.42611111
46.16833333,-115.73027778
46.55027778,-114.73444444
46.9425,-116.65472222
44.1675,-115.45638889
43.94305556,-115.32166667
44.1075,-115.47916667
44.93694444,-115.49472222
44.36055556,-115.69222222
44.68527778,-116.17138889
44.95138889,-116.50333333
45.33388889,-115.86666667
44.86777778,-115.775
44.50833333,-116.25111111
44.99472222,-116.20305556
45.19138889,-115.9275
44.89416667,-115.71333333
45.16861111,-115.765
44.75555556,-116.81666667
45.32361111,-114.32861111
45.29444444,-114.60861111
44.41583333,-114.46166667
44.04944444,-113.38305556
45.33166667,-114.59583333
44.78583333,-114.48972222
45.36555556,-114.31472222
43.79416667,-114.57722222
42.13305556,-114.24
42.16583333,-114.16777778
44.18305556,-115.05194444
43.66916667,-115.13416667
43.73416667,-114.50722222
44.28361111,-115.07777778
42.22,-111.50972222
42.73805556,-112.38444444
46.55111111,-115.06166667
44.07527778,-115.49777778
43.68722222,-115.77944444
44.165,-115.30611111
44.13861111,-115.38111111
44.42777778,-115.60055556
43.66694444,-115.63388889
44.42277778,-116.18555556
45.94472222,-114.84611111
48.9325,-116.33
47.70555556,-116.43388889
48.28722222,-116.23527778
47.62694444,-116.48138889
48.59555556,-116.29166667
48.76416667,-116.90361111
47.14,-115.71166667
48.27527778,-116.08638889
47.21166667,-115.58777778
48.26305556,-116.7425
48.31055556,-116.1925
45.31083333,-116.36694444
45.9675,-115.74638889
46.58722222,-114.5025
45.67611111,-116.05888889
45.82916667,-115.53333333
45.83527778,-115.985
46.42694444,-115.54666667
46.19694444,-114.73083333
45.76277778,-115.54972222
45.405,-115.49972222
46.49111111,-114.83694444
46.56611111,-114.74083333
46.08666667,-115.48472222
45.98055556,-115.80805556
44.25055556,-115.2275
43.74527778,-115.98694444
44.585,-115.82861111
43.44083333,-115.26972222
44.59722222,-116.1775
44.25583333,-115.88666667
44.11694444,-115.55583333
44.55638889,-116.05916667
43.59111111,-115.95972222
44.30861111,-115.61722222
44.97972222,-116.19388889
45.19638889,-115.65027778
45.33666667,-115.52472222
44.87777778,-115.75111111
45.04027778,-114.96111111
44.75972222,-115.66166667
45.24555556,-115.93
45.36277778,-115.51861111
45.225,-116.28388889
44.95027778,-116.53388889
45.28111111,-114.39083333
44.98694444,-113.9975
45.26444444,-114.30861111
44.74444444,-113.72222222
45.08555556,-114.71361111
45.35222222,-114.22
45.49638889,-114.02027778
43.92194444,-114.75861111
42.22583333,-113.67277778
43.85388889,-114.30527778
44.02305556,-114.86
42.18055556,-112.20111111
44.51083333,-111.92972222
42.37222222,-111.21944444
42.29972222,-112.16777778
42.00166667,-111.62305556
42.16916667,-112.21722222
45.7175,-114.78694444
47.16194444,-115.89972222
47.60972222,-116.53972222
48.34722222,-116.97861111
48.82166667,-117.01472222
46.32111111,-114.51361111
46.92166667,-115.63611111
46.66833333,-115.585
45.39444444,-115.51666667
45.88833333,-115.80027778
46.26222222,-115.60694444
46.91666667,-116.52833333
46.18083333,-115.75
46.00361111,-115.31638889
46.09555556,-115.60777778
46.00583333,-115.31888889
44.15611111,-115.70805556
43.99277778,-115.52111111
43.69027778,-115.38333333
44.53777778,-115.66166667
43.71277778,-115.97
43.60083333,-115.52111111
44.42305556,-116.18277778
44.07,-115.93638889
44.57833333,-115.8425
43.97777778,-115.72333333
44.2125,-115.29083333
43.32166667,-115.3275
44.42916667,-116.07833333
44.31833333,-116.15222222
44.28305556,-115.51333333
44.10055556,-115.23833333
44.57166667,-115.83583333
45.14361111,-116.34333333
44.65166667,-116.25
44.51638889,-116.24972222
45.08111111,-116.59638889
45.25166667,-115.56638889
44.4675,-115.41916667
44.91194444,-113.86722222
44.98138889,-114.3525
45.66638889,-113.94722222
45.68388889,-113.96416667
45.59833333,-113.80888889
44.41638889,-115.14694444
45.65638889,-113.98527778
44.99527778,-113.90388889
45.68916667,-113.96
44.30888889,-115.12555556
44.29583333,-115.06638889
44.01944444,-114.86
44.2425,-114.68611111
44.29555556,-115.15944444
42.10861111,-114.28388889
44.19,-113.05916667
42.43027778,-111.58916667
44.52638889,-112.01527778
42.53,-111.42138889
45.96833333,-114.80777778
47.76944444,-116.33472222
48.16777778,-116.46722222
48.23916667,-116.07805556
48.13,-116.80666667
48.0375,-116.21972222
48.36694444,-116.18277778
46.21722222,-115.71333333
45.82361111,-115.95361111
46.54361111,-114.73972222
46.58166667,-114.69694444
45.71333333,-115.25333333
46.9375,-116.59916667
46.52222222,-114.41194444
46.47944444,-115.61194444
46.20055556,-114.61916667
46.07055556,-115.64972222
46.86083333,-115.09972222
46.60055556,-114.51694444
45.44611111,-116.34666667
44.14722222,-115.36083333
44.40583333,-116.12222222
44.48638889,-116.10416667
44.16638889,-115.38777778
43.87638889,-115.36166667
44.11055556,-115.32222222
44.50666667,-116.15416667
44.19527778,-115.92416667
43.70833333,-115.64722222
44.08944444,-115.32611111
44.06888889,-115.93527778
43.67083333,-115.37527778
45.37194444,-116.35555556
45.01305556,-114.38083333
44.73416667,-115.17361111
45.07555556,-113.51833333
45.36027778,-114.11833333
44.705,-114.465
45.44888889,-114.00416667
44.88555556,-115.09055556
44.1425,-114.96
44.15888889,-115.16777778
44.16916667,-114.95
42.16722222,-114.14083333
43.87138889,-114.64888889
44.22777778,-111.12833333
42.04722222,-111.45583333
44.41416667,-112.21166667
42.62527778,-112.30861111
45.32138889,-116.65166667
45.53222222,-116.49361111
45.65138889,-114.70694444
48.99055556,-116.39694444
48.25805556,-116.92611111
48.97972222,-116.38361111
48.16916667,-116.47666667
48.55611111,-116.92583333
48.70555556,-116.19805556
48.25333333,-116.13361111
46.50138889,-114.57472222
46.57638889,-114.63527778
46.06888889,-115.64972222
45.96277778,-115.8275
45.92833333,-115.81638889
46.53888889,-114.645
46.48083333,-115.68972222
46.46583333,-114.87555556
44.10111111,-116.07972222
44.16222222,-116.18722222
44.6525,-115.66027778
44.11027778,-116.10916667
44.92722222,-115.53583333
43.425,-115.73666667
44.26305556,-115.16722222
44.16083333,-116.1375
44.36694444,-116.13638889
43.98027778,-115.80416667
44.40694444,-116.13833333
44.58361111,-115.81416667
44.78666667,-116.33638889
44.76666667,-116.60555556
44.2975,-117.20833333
45.08638889,-115.42416667
45.2,-116.29333333
44.88361111,-116.42472222
45.11666667,-115.33444444
45.28305556,-116.15305556
44.51694444,-115.01888889
45.27611111,-114.38888889
45.32416667,-114.45888889
45.58444444,-113.92861111
44.98666667,-114.83
45.41111111,-114.11027778
45.00555556,-113.88222222
44.71,-115.16888889
45.38861111,-114.72472222
44.35444444,-115.1375
44.32916667,-115.07638889
44.16333333,-114.9275
44.27527778,-115.02444444
43.31222222,-111.48972222
47.83194444,-116.65583333
48.97638889,-116.31416667
47.48583333,-115.74777778
48.26416667,-116.25833333
47.17194444,-115.87444444
45.76972222,-116.14583333
46.65694444,-114.75111111
46.96361111,-116.77333333
46.07527778,-115.39972222
45.93277778,-115.71277778
46.71611111,-114.99
45.365,-116.40638889
46.24194444,-115.4775
46.46333333,-115.15638889
46.51,-115.63777778
46.5375,-114.9075
46.84583333,-115.07027778
46.15111111,-114.97194444
44.07166667,-115.5175
44.11444444,-116.04972222
44.36,-115.63666667
44.41111111,-116.26861111
44.32361111,-116.14694444
43.56361111,-115.75888889
44.10555556,-115.57222222
43.78166667,-116.05888889
43.59944444,-115.89305556
43.59194444,-115.98416667
44.24138889,-115.16194444
43.83611111,-115.41638889
43.83416667,-115.74305556
43.95666667,-115.68555556
45.01472222,-116.18638889
45.19583333,-116.00027778
44.88722222,-116.73861111
45.35722222,-115.61722222
45.43694444,-115.42361111
45.44694444,-115.77277778
45.04166667,-116.13027778
45.24,-115.63
45.375,-116.01055556
45.02722222,-115.43444444
44.97361111,-114.02916667
45.18277778,-114.39
45.39083333,-114.12388889
45.38611111,-114.1825
45.22,-114.765
45.32805556,-114.45277778
45.23972222,-114.3425
45.41388889,-114.18333333
44.10555556,-113.61138889
42.12027778,-113.19
43.90916667,-114.655
43.82805556,-114.88972222
42.14666667,-114.18722222
42.17861111,-113.7275
43.16333333,-111.08472222
43.2525,-111.07555556
43.09944444,-111.37388889
44.32333333,-111.37527778
43.00388889,-111.2875
43.32566,-116.37153
43.03015,-116.04761
42.90255,-115.79038
42.95617,-115.96834
43.24019,-116.32204
42.9953,-115.76038
42.96243,-115.76626
43.0737,-116.25536
43.08037,-115.93878
43.29638,-116.28154
42.91101,-115.78302
43.3305,-116.40793
42.94231,-115.60505
43.2478,-116.0164
43.2111,-116.0328
43.2128,-116.0336
43.2506,-116.1661
43.2469,-116.1742
43.26,-116.0822
43.2661,-116.08
43.2636,-116.0814
43.2961,-116.2025
43.2633,-116.1925
43.2789,-116.1917
43.2664,-116.1975
43.26645,-116.19611
43.2683,-116.1969
43.2664,-116.1967
43.2647,-116.1933
43.2664,-116.1975
43.2656,-116.1944
43.3564,-116.2308
43.1892,-116.0228
43.1903,-116.0222
43.1675,-116.0222
43.1892,-116.0283
43.1894,-116.0244
43.1675,-115.9619
43.1892,-116.0231
43.1867,-116.0308
42.99383,-115.67695
43.1532,-115.59097
42.94341,-115.54101
42.45862,-115.72607
42.65494,-115.90484
42.93433,-116.00839
42.33511,-115.66196
42.30205,-116.20904
42.45518,-116.21708
42.27454,-115.89818
42.19806,-115.9257
42.5716,-115.92693
42.71708,-116.04627
42.5858,-113.3664
42.6031,-114.0164
42.4017,-114.3939
42.6997,-113.2219
42.5761,-113.27
42.5597,-113.4269
42.5569,-113.4469
42.4914,-113.4831
42.4711,-113.5261
42.4686,-113.4917
42.6028,-113.3017
42.5325,-113.9675
42.5214,-113.9442
42.5219,-113.9572
42.5214,-113.95
42.5208,-113.995
42.3617,-114.3133
42.2069,-113.5525
42.59542,-113.26378
42.2136,-113.9406
42.2861,-113.4806
42.2522,-113.4956
42.2894,-113.2567
42.745,-113.4461
42.0964,-113.3789
42.56858,-113.51014
42.5319,-113.9664
42.6706,-113.2233
42.3611,-113.2567
42.6014,-113.2139
42.39,-114.3697
42.7269,-113.3622
42.6639,-113.3767
42.6628,-113.3764
42.6614,-113.3753
44.14862,-114.3715
44.29975,-114.14237
44.52313,-113.68347
43.94323,-114.1278
44.32798,-114.0508
44.28912,-114.38108
47.5417,-116.1433
48.1447,-116.1642
48.0597,-116.5939
48.175,-116.83
47.5317,-116.245
47.473,-116.34212
48.7105,-116.1655
48.1914,-116.6411
48.3386,-116.6603
48.0975,-116.075
48.2228,-116.5317
46.2894,-115.985
45.30895,-116.3535
46.3722,-116.1708
45.9572,-116.5703
46.0089,-116.5744
46.0128,-116.6314
46.3408,-116.1244
43.0408,-112.4172
42.9833,-112.3017
43.0239,-112.43
42.8567,-112.535
42.9758,-112.403
43.0278,-112.46
42.6828,-112.5997
43.1258,-112.3864
43.1405,-112.3747
43.12,-112.4525
43.1228,-112.3883
43.0692,-112.3389
43.8269,-116.79476
43.83764,-116.81628
43.52943,-116.04371
43.45393,-116.16431
43.82949,-116.80379
43.89533,-116.73192
43.40071,-116.22456
43.595,-116.7161
43.12844,-115.57493
43.45858,-116.17581
43.50932,-115.97205
43.82985,-116.76322
43.26401,-115.71227
43.20913,-115.7613
43.48859,-116.03696
43.4977,-116.0507
43.52446,-116.07879
44.10932,-116.60313
44.144,-116.6922
43.54904,-116.2006
42.9759,-116.55465
43.73456,-116.46291
43.56612,-116.67137
43.73817,-116.12095
43.82526,-116.47771
43.80411,-116.48387
43.25251,-115.68728
43.46402,-116.23438
43.56006,-116.04044
42.95712,-115.36809
43.83685,-116.87946
43.09194,-115.65494
43.4365,-116.19532
43.77215,-116.46638
43.34252,-116.09426
43.16384,-115.68586
43.91644,-115.88217
43.28552,-115.99487
43.52752,-116.085
43.45505,-116.09624
43.48227,-115.97591
43.45237,-115.94556
43.48279,-115.95867
43.4855,-115.95017
43.48719,-115.94384
43.9681,-116.0011
43.84127,-116.61701
43.5337,-116.06227
43.48394,-116.35604
43.57896,-116.0024
43.53368,-116.06204
43.23793,-115.95694
43.25246,-115.95701
43.24114,-115.95709
43.07761,-115.31813
43.83977,-116.61417
43.55055,-116.09428
43.45119,-116.43332
43.75722,-116.48911
43.92381,-116.44851
43.50459,-116.29485
43.32864,-115.84187
43.52398,-116.08846
43.8222,-111.9997
43.4092,-112.8036
44.0636,-112.1997
43.9958,-112.3289
43.643,-113.2908
44.26,-111.96
43.813,-112.0053
43.2333,-112.3569
43.5405,-112.5103
43.2553,-111.9892
43.7147,-112.5228
44.2053,-112.5533
44.1722,-112.4178
43.8253,-112.0203
43.2033,-112.3083
43.9,-111.9108
43.535,-112.355
43.6092,-113.3164
43.2439,-112.4411
43.1844,-112.5011
43.5803,-112.9558
42.9517,-115.1961
42.9097,-115.1803
42.4583,-114.9419
42.4711,-115.3725
42.0417,-115.1467
42.9739,-115.22
42.9658,-115.2522
42.3942,-115.51
42.8589,-115.1344
42.8122,-114.9503
42.2908,-115.6253
42.8733,-115.115
42.7769,-115.5239
42.8678,-115.1783
42.9617,-115.2589
46.4261,-116.7608
46.101317,-115.9777
46.528131,-116.586197
46.3628,-116.7175
46.4333,-116.7786
46.4092,-116.8017
46.3619,-116.8047
46.4519,-116.8019
46.4617,-116.74
46.3725,-116.8117
46.4031,-116.8069
46.4297,-116.8156
46.4572,-116.8356
46.4992,-116.4217
46.5044,-116.2969
46.4836,-116.2028
46.4936,-116.4625
46.1356,-116.4844
46.4664,-116.2094
46.2672,-116.5825
46.1775,-116.3842
46.3953,-116.1839
46.2056,-116.0075
43.26356,-116.7116
43.52247,-116.97332
43.16484,-116.72858
42.56849,-116.73963
42.38037,-116.8149
42.63033,-116.79288
42.63283,-116.77147
42.89523,-116.68949
42.43067,-116.90392
42.8178,-111.0508
42.6255,-112.4533
42.9586,-112.4886
42.6414,-112.9933
43.0203,-113.1997
42.6586,-111.5614
42.2644,-111.7183
42.8489,-112.3628
42.4053,-112.4942
42.8058,-112.3286
42.2578,-111.1919
42.8014,-112.273
42.328,-111.8672
42.5586,-112.7783
42.3536,-112.228
42.2717,-112.5892
42.2455,-112.5664
42.9933,-113.1114
43.0839,-113.105
43.0722,-113.1164
42.6422,-112.135
42.6455,-111.8997
45.28895,-113.85908
44.324403,-113.053244
44.325789,-113.0582
45.265942,-113.7612
42.6706,-114.7025
42.9644,-115.1047
42.6353,-114.425
42.92,-114.37925
42.8672,-114.85
42.9922,-114.6364
42.6081,-114.0831
42.6578,-114.0753
42.9597,-114.40356
43.4294,-114.7242
42.6331,-114.2106
42.9378,-115.0172
43.3772,-114.3378
43.1664,-114.3197
43.0511,-114.2942
43.3528,-113.8461
42.6444,-114.2183
42.6014,-114.3428
42.9592,-114.3664
42.8822,-114.4022
43.1956,-113.7739
43.0139,-113.6331
42.9872,-113.6664
43.0017,-113.7331
42.6417,-114.0297
42.885,-113.9169
43.0039,-114.5894
42.7794,-113.97
42.6083,-114.3542
42.6078,-114.3536
42.6342,-114.1236
43.4608,-114.3936
42.965,-114.4122
42.8675,-114.7122
42.6178,-114.2058
42.7444,-114.3664
43.0167,-115.0558
43.2453,-114.3111
42.8236,-114.7075
43.0975,-114.085
42.9119,-114.4303
43.4272,-114.7903
42.0447,-116.1483
42.0753,-116.1317
42.22538,-111.356099
43.5441,-116.6391
42.6766,-113.5015
44.72801,-115.94706
48.4415,-116.88628
44.94577,-116.10977
46.69912,-116.85306
47.71352,-116.86789
48.84544,-116.33572
44.75808,-115.96684
46.3924,-115.94403
47.83624,-116.88501
46.82863,-116.4092
48.03245,-116.7949
48.57791,-116.37417
43.82317,-115.8528
47.8357,-116.91954
47.45829,-116.46189
48.41066,-116.38228
46.4569,-115.8479
47.22208,-116.44106
44.0568,-116.1611
46.02859,-116.56675
46.60553,-115.76236
48.6348,-116.34773
47.82951,-116.81858
44.16085,-116.137
47.43191,-116.71403
46.184333,-115.787167
48.45216,-116.40312
48.22811,-116.85426
46.07755,-116.45513
48.29762,-116.74121
46.78466,-115.77611
46.117,-115.525
48.62972,-116.81917
44.20716,-116.05535
46.0154,-116.37422
46.46186,-116.21633
46.34591,-116.64853
46.97529,-115.87522
47.20105,-116.53547
46.89954,-116.19894
46.34091,-117.02952
47.43037,-116.85759
46.12057,-116.01302
47.22572,-116.1737
48.49952,-116.8154
47.62281,-116.87001
45.85249,-116.20768
47.2315,-116.18018
48.35484,-116.30944
43.69718,-115.9599
47.13652,-116.32705
44.55117,-115.85481
44.2381,-116.07272
48.64613,-116.0592
45.76964,-116.29687
47.1155,-116.86562
44.63179,-116.04821
48.14873,-116.83221
46.49248,-116.1273
46.20435,-116.52262
47.30566,-116.64447
44.83972,-116.17077
47.83098,-116.9894
47.12432,-116.91257
46.2891,-116.2157
48.9102,-116.39205
48.27114,-116.6311
47.99673,-116.68001
46.61017,-115.88982
46.88062,-116.97929
46.4686,-115.79392
44.74602,-116.11176
48.30217,-116.63259
48.1568,-116.93344
48.43476,-116.52176
44.18028,-116.09197
46.45763,-116.01838
48.25005,-116.8955
43.85262,-115.89801
48.38396,-116.58758
47.53093,-116.793
48.0504,-116.78589
46.36858,-115.95544
45.976417,-116.0984
48.47518,-116.84169
47.79903,-116.62508
48.07882,-116.94184
48.72712,-116.32209
48.72342,-116.22454
48.71311,-116.29886
48.08877,-116.97687
46.50994,-116.31212
43.68494,-115.9588
48.43739,-116.52111
48.5357,-116.52232
47.27455,-116.56889
46.11308,-116.02838
47.04494,-115.96029
47.56442,-116.31944
46.476633,-116.396
46.30302,-116.2058
46.94637,-115.84384
44.70393,-116.08764
48.41122,-116.91238
44.67197,-116.03483
47.54273,-116.32265
47.34847,-116.63953
48.56651,-116.44165
43.67164,-115.98912
48.74432,-116.10583
47.1994,-116.2097
46.39766,-115.90625
47.64129,-116.71415
46.45247,-115.85357
46.156733,-115.9176
44.75763,-115.9659
43.72419,-116.0201
46.71146,-115.81623
46.95962,-116.24902
48.77517,-116.36959
47.11314,-116.87231
43.66907,-116.03184
48.66141,-116.05459
45.983183,-115.9712
48.12515,-116.92679
46.25418,-116.19344
47.08537,-116.46093
45.91045,-116.24422
47.89345,-116.85877
47.89658,-116.90204
47.40486,-116.78882
46.76155,-115.98539
47.57471,-116.42601
48.28182,-116.81031
48.61176,-116.8569
46.39198,-115.91321
47.00502,-116.98156
47.20819,-116.53532
48.51541,-116.84113
46.61558,-116.80124
48.5033,-116.83155
46.707,-116.35117
46.82743,-116.38914
46.43532,-116.20564
48.15613,-116.7957
48.38694,-116.48456
46.34511,-115.83879
47.31088,-116.39712
46.3254,-115.92893
47.14782,-116.79589
48.07616,-116.81005
46.50818,-116.34379
47.04676,-116.7449
46.46016,-116.22228
48.72475,-116.33372
48.12286,-116.80726
46.48955,-115.8071
46.36909,-116.6488
48.12767,-116.5716
47.37843,-116.87895
48.45145,-116.87367
47.0833,-116.32172
48.47146,-116.66239
46.23865,-115.8079
47.69769,-116.76405
47.1818,-116.2755
46.22625,-116.6202
46.34969,-115.85822
48.01921,-116.81687
46.11642,-115.57852
46.05265,-115.51756
46.59305,-116.29929
48.77277,-116.29565
46.07896,-116.67645
48.81805,-116.81211
48.63161,-116.82653
43.91446,-115.9616
47.14038,-116.42057
48.01266,-116.9694
48.28068,-116.64433
46.46199,-115.84157
44.58321,-116.03676
46.8823,-117.00135
44.74877,-115.98604
48.58617,-116.46938
43.76079,-115.9236
48.45145,-116.87367
46.90258,-116.19558
43.68206,-116.0304
46.71127,-115.80572
45.75441,-116.3072
48.1589,-116.51224
47.68164,-117.01023
46.50347,-116.43492
46.06797,-116.09972
46.33738,-115.96325
46.64615,-116.49015
47.2373,-116.44322
47.91565625,-116.590114
48.58996,-116.38187
47.10311,-116.80456
47.46156,-115.96489
47.95607625,-116.704814
48.3984,-116.85795
47.33545,-116.47531
48.32193,-116.83071
48.40796,-116.30304
46.43147,-116.91737
48.84337,-116.33844
46.64101,-116.63515
48.48289,-116.81707
44.93445,-116.04837
47.13158,-116.63643
48.13176,-116.48405
47.32473,-116.61882
48.17891,-116.4298
47.94194624,-116.702014
45.77911,-116.48693
47.30628,-116.6917
48.61176,-116.8569
47.49636,-116.57744
45.90477,-116.1999
48.58688,-116.38341
47.43905,-116.75005
48.78284,-116.28142
46.91145,-115.82799
47.99586,-116.55388
43.83045,-115.84414
46.95268,-116.0806
48.20173,-116.4622
47.87795624,-116.730714
44.55361,-116.0528
44.93422,-116.0474
45.92518,-116.13215
47.58062,-116.29418
47.5461,-116.19925
46.5036,-116.38655
46.71817,-116.919
45.78689,-116.29251
47.46673,-115.81022
47.91494624,-116.698014
46.92858,-116.72384
46.88384,-116.97192
48.48216,-116.81767
48.72128,-116.24467
44.37228,-115.98724
46.49925,-116.42219
46.04904,-116.8534
48.02917,-116.77434
46.74543,-116.56242
47.41352618,-116.9483139
48.70544,-116.38138
47.22848,-116.56476
47.57079,-116.41203
48.05015,-116.93416
48.71666,-116.80142
47.50888,-116.2764
47.32128,-116.28567
47.94694625,-116.698014
43.74998,-115.98604
48.59091,-116.38139
47.34521,-116.49503
48.22348,-116.37997
47.47742,-115.92974
44.58251,-116.04705
47.92526624,-116.698314
47.0991,-116.83427
46.53155,-115.64997
46.62483,-116.22848
48.58618,-116.38369
48.20275,-116.8997
48.74194,-116.8036
44.78687,-115.91132
48.22483,-116.3825
47.1203,-116.95069
48.72833,-116.17934
48.63161,-116.82653
48.68214,-116.39488
47.54155,-116.43246
47.33262,-116.55246
47.98028,-116.6498
47.55133,-116.31226
48.20208,-116.39245
48.74225,-116.80508
47.7458,-116.78075
48.58571,-116.38397
47.13148,-116.25227
48.51242,-116.46453
46.92477,-116.1224
48.58508,-116.38428
47.10262,-116.79851
45.92139,-116.1475
48.54838,-116.40637
47.38133,-116.19791
47.88794624,-116.723014
46.45271,-116.15176
44.18255601,-116.1060131
48.5354,-116.74093
47.50524,-115.9052
47.03384,-116.3805
47.13073,-116.63938
48.51702,-116.84422
47.55278,-116.29406
48.70736,-116.1261
45.03162,-116.31027
48.76159,-116.84362
46.51263,-115.74757
47.21686,-116.36893
47.23299,-116.64722
48.5673,-116.81534
48.57508,-116.44601
44.90171,-115.96691
44.59185,-116.03825
46.56199,-116.18022
44.27465,-116.01348
46.11716,-116.50514
47.3573,-116.41979
47.13139,-116.25204
46.57344,-116.45263
48.24089,-116.29222
46.3027,-115.85235
46.77928,-116.7765
47.47523,-115.88935
47.29039,-116.5238
46.24577,-116.67522
48.11269,-116.65606
46.42261,-115.98012
47.42929,-115.76142
44.91658,-116.05407
46.07153,-116.43213
48.03975622,-116.97061405
47.92297621,-116.93951402
46.79918613,-116.94971377
47.31218616,-117.00361389
47.34055617,-117.0047139
47.28309616,-116.99951388
47.48255618,-117.00991393
46.12236608,-116.94991362
44.37771592,-117.23211333
44.53655596,-116.96991331
44.53704595,-117.00941332
44.33072292,-117.18948032
44.32217594,-117.00121328
43.32277586,-116.9698131
42.86789581,-117.01271303
42.44666578,-117.01111296
43.11403583,-117.00521307
42.86269581,-117.01421303
42.43339578,-116.95571295
43.27036637,-111.11521194
43.51130637,-111.43131205
43.52761639,-111.11811198
43.38729638,-111.09971196
43.20958637,-111.05641192
43.20261635,-111.20241195
42.7275163,-111.21421188
42.79816632,-111.10511186
42.34962626,-111.21951182
42.34665627,-111.1367118
42.49292626,-111.40831188
42.6005963,-111.12071184
42.61069627,-111.3908119
42.59689628,-111.25231186
42.5869963,-111.10191183
42.59996629,-111.20311185
42.88965626,-111.92991205
42.85710627,-111.698512
43.16327629,-111.9436121
43.40102631,-111.91461213
43.23618629,-111.97141211
42.60074624,-111.74291197
42.62121622,-112.00671202
42.51624624,-111.66811194
42.73381626,-111.67011197
42.84694628,-111.60441198
42.82314627,-111.715012
42.81865628,-111.61621197
43.26110626,-112.31201219
43.28558629,-112.06631214
43.32266627,-112.25161219
43.25957626,-112.3556122
43.5148763,-112.1859122
42.7377462,-112.38381212
42.79367621,-112.42951214
42.84619624,-112.13441209
43.18593625,-112.34031218
43.19738626,-112.22131216
43.15624625,-112.38641219
43.22160626,-112.30371218
42.64781622,-112.13851206
42.63757621,-112.20361207
42.67839621,-112.21951208
42.60328622,-112.01791202
42.6929862,-112.36281211
42.66870621,-112.21311207
42.66241619,-112.41491211
42.72593621,-112.2955121
42.77465623,-112.09561207
43.14519623,-112.54871222
43.10561623,-112.46911219
43.18172624,-112.47551221
43.29494626,-112.38061221
43.55265627,-112.52351228
43.32806625,-112.58671225
42.89029622,-112.40341215
42.89441622,-112.43041215
42.85141621,-112.40651214
42.84977621,-112.41421214
43.03544623,-112.41671217
43.00188623,-112.38431216
43.05991623,-112.49791219
42.7395262,-112.38401212
42.7239162,-112.46391213
42.60244617,-112.58161214
42.7239762,-112.46401213
42.8367962,-112.53641217
42.82077621,-112.38631213
42.79019621,-112.40761213
42.84296621,-112.40031214
42.8747762,-112.59811218
42.00917618,-111.78131189
42.0375562,-111.59691185
42.0764462,-111.64301187
42.27364621,-111.74911192
42.1137262,-111.61711187
42.40878619,-112.14781202
42.38887621,-111.92691197
42.1879262,-111.79171191
42.27965503,-112.34664565
42.09644613,-112.41051203
42.37792616,-112.44961208
42.37760618,-112.22161203
43.11149621,-112.78151226
43.05048619,-112.93601228
43.43510624,-112.76611231
43.55265622,-113.08451239
43.41543624,-112.7336123
43.46981624,-112.82071233
43.50264623,-112.93841235
43.54582627,-112.56971229
43.0211162,-112.80871225
42.86792615,-113.13291229
42.78740617,-112.83661222
43.02161618,-113.00771229
42.9786862,-112.74371223
42.94462619,-112.77641223
43.26992609,-114.30591259
43.22931612,-113.96661251
43.28955609,-114.30011259
43.54464617,-113.69941251
43.54342612,-114.24791262
42.94489606,-114.32511254
42.98589607,-114.27001253
43.1634161,-114.05211252
43.21004611,-114.01771252
43.20983611,-114.01781252
43.21908608,-114.31391258
42.75100603,-114.36451251
42.72327609,-113.74581239
42.82227605,-114.28061251
42.71697607,-113.96941243
42.83610609,-113.79381242
42.89466608,-113.95561246
42.85003609,-113.81621242
43.11091604,-114.68041263
43.12218604,-114.66081263
43.48866607,-114.75301271
43.45558606,-114.83381272
43.51766607,-114.77791272
43.57241609,-114.56311269
42.92756601,-114.80721263
42.93124603,-114.62071259
42.95435605,-114.46251257
42.98300602,-114.81301264
42.97534605,-114.39361256
42.97592603,-114.6136126
42.82834602,-114.59771257
42.76994603,-114.40251252
42.80582603,-114.42491253
42.81568601,-114.72261259
42.96029605,-114.41221256
42.58986611,-113.31971228
42.61752613,-113.13951225
42.5782361,-113.4352123
42.62651613,-113.08691224
42.62199618,-112.57971214
42.6196461,-113.50281232
42.6230261,-113.48591232
42.3887861,-113.24081224
42.17817607,-113.34601223
42.47441615,-112.66521214
42.44045609,-113.34881227
42.54797609,-113.47141231
42.53218605,-113.9708124
42.56944602,-114.29791247
42.53326605,-113.98201241
42.64436603,-114.26611248
42.61407602,-114.3814125
42.63981604,-114.22011247
42.69467606,-113.99231243
42.63354604,-114.12401245
42.308646,-114.25941242
42.401866,-114.34551246
42.33636599,-114.36701245
42.35547607,-113.52921229
42.32606606,-113.6093123
42.391316,-114.36971246
42.40977603,-114.01501239
42.20081599,-114.28101241
42.15549599,-114.2603124
42.24244602,-113.98761236
42.21883604,-113.6733123
42.19191599,-114.27541241
42.20473599,-114.2283124
42.31761606,-113.6242123
42.60127602,-114.4210125
42.62540601,-114.46501251
42.61626597,-114.9079126
42.60102601,-114.4349125
42.662796,-114.66541256
42.413336,-114.40661247
42.405446,-114.42391247
42.49500599,-114.65461253
42.406896,-114.36741246
42.39817598,-114.5942125
42.18468596,-114.62571248
42.343336,-114.30961244
42.39368599,-114.42831247
42.43656597,-114.81421255
42.405436,-114.35091246
42.09488611,-112.65591208
42.0983761,-112.86501212
42.00955609,-112.8435121
42.03989608,-113.02281214
42.072496,-113.93881233
42.10183609,-112.93721213
42.00272598,-114.09151235
42.09143599,-114.16901237
42.09391594,-114.68141247
42.12811598,-114.30461241
42.16679599,-114.16521238
43.57021603,-115.27201282
43.51455606,-114.87951274
43.50871601,-115.39741284
43.49249604,-115.09671278
43.57189604,-115.21971281
43.54047604,-115.1748128
43.48594604,-115.12741278
43.58812601,-115.54811288
43.60980598,-115.83961294
43.25040598,-115.55921282
43.25810595,-115.85951288
43.40620602,-115.20281278
43.33709602,-115.17021277
43.49813606,-114.92031274
43.51713595,-116.06631297
43.52765595,-116.08961297
43.53276595,-116.07951297
43.49174595,-116.12681297
43.51723596,-116.05161296
43.53203596,-116.04681296
43.26434593,-116.08041292
43.26545593,-116.07751292
43.27521593,-116.07851293
43.38958595,-116.00151293
43.30391595,-115.9088129
43.25965593,-116.08091292
43.41344595,-116.02761294
43.50604595,-116.06131296
43.44701588,-116.8492131
43.48430593,-116.269413
43.51641593,-116.30361301
43.47744589,-116.68601307
43.30812588,-116.65571304
43.36667588,-116.70011306
43.46416588,-116.8698131
43.31370588,-116.67091304
43.45034591,-116.44741302
43.43810593,-116.28771299
42.96731597,-115.33921274
42.95005601,-114.87601265
42.92200599,-115.11091269
42.93847598,-115.1637127
42.94222598,-115.1750127
42.947416,-114.95161266
43.17454601,-115.05471272
43.01324599,-115.16931271
42.97975599,-115.07361269
42.84324597,-115.21321269
42.76605596,-115.22191268
42.896016,-114.92121265
42.82627599,-114.96791264
42.888296,-114.95271265
42.93149598,-115.21771271
42.96729597,-115.34241274
43.18888593,-116.0291129
43.18773593,-116.0262129
43.25492595,-115.83761288
43.27227595,-115.87481289
43.20684595,-115.80521286
43.24781595,-115.84881288
43.23488595,-115.83801287
42.97513593,-115.79301282
42.98220597,-115.29811273
43.09846598,-115.37251276
43.08744593,-115.86431286
43.04913594,-115.73441282
43.06323594,-115.72781283
43.13610596,-115.59191281
42.84081594,-115.56761276
42.88029592,-115.84241282
42.93752591,-115.94841285
42.68945594,-115.3795127
42.91768592,-115.90371283
42.94814596,-115.39151274
43.02655593,-115.86301284
42.98038593,-115.76521282
43.26603593,-116.07784292
43.26030593,-116.08341292
43.2762359,-116.37691298
43.26434593,-116.08061292
43.26924593,-116.11861293
43.26504593,-116.07931292
43.28707589,-116.50611301
43.25637593,-116.08601292
43.18551589,-116.48821299
43.18880593,-116.0227129
43.18966593,-116.0229129
43.19038593,-116.0232129
43.18294592,-116.14961292
43.18882593,-116.0245129
43.18922593,-116.0242129
43.19784593,-116.0145129
43.18924593,-116.0214129
43.18896593,-116.0228129
42.74836587,-116.21781287
43.18896593,-116.0252129
42.79586586,-116.44311291
43.19024593,-116.0270129
43.20301592,-116.13251292
43.18912593,-116.0226129
42.60812598,-114.87471259
42.29573591,-115.29431262
42.10194591,-115.12171256
42.52323593,-115.28161265
42.54940596,-114.9701126
42.55647597,-114.9470126
41.99856587,-115.48231261
42.3082259,-115.37741264
42.0164441,-116.14580887
42.20692585,-115.94191273
42.15515576,-116.89381289
44.6977065,-111.29861222
44.56611758,-111.3164011
44.63522649,-111.31721221
44.48860648,-111.25591218
44.40410647,-111.32021217
43.91112642,-111.28001208
43.9085664,-111.54361214
43.9134164,-111.46541212
44.00685644,-111.13831207
44.00760644,-111.11071206
43.7299064,-111.33461206
43.74879638,-111.55961211
48.81953936,-116.15971408
48.72956633,-116.3447141
48.72458634,-116.28701409
48.96312635,-116.34851416
48.79312635,-116.23711409
48.69126634,-116.21051406
48.75899636,-116.10561406
48.68553636,-116.10961404
48.39814634,-116.08881397
48.63406628,-116.80191416
48.69508632,-116.43631411
48.92524632,-116.56331419
48.99730632,-116.64641422
48.74866633,-116.42011412
48.62288631,-116.4833141
48.37270626,-116.8186141
48.47117629,-116.58091408
48.45514626,-116.84601413
48.47800625,-116.92581415
48.50291626,-116.83171414
48.5383963,-116.50921408
48.33695072,-116.24223618
48.27087631,-116.26941397
48.25716628,-116.51141402
48.33889515,-116.8552919
48.38332631,-116.34431401
48.38883625,-116.86151411
48.34680625,-116.8571141
48.4283363,-116.49531405
48.12208628,-116.48601398
48.23183628,-116.477914
48.16747625,-116.80051405
47.98308625,-116.62791397
48.05338627,-116.45401396
47.98814624,-116.757414
47.71466629,-116.0699138
47.81176629,-116.16641384
47.8783763,-116.06591384
47.58755628,-116.05481377
47.7191463,-116.01941379
47.70024629,-116.10681381
47.68297629,-116.02511379
47.74484624,-116.5598139
47.72483624,-116.5558139
47.79341624,-116.58081392
47.88294626,-116.50701393
47.94180626,-116.50821394
47.95477625,-116.65511397
47.72184623,-116.61751391
47.72341623,-116.62521391
47.74130624,-116.56831391
47.73784624,-116.5704139
47.74150624,-116.5667139
47.77770627,-116.31811387
47.72582623,-116.65421392
47.62130624,-116.51931387
47.62632624,-116.53141387
47.60738622,-116.64591389
47.64170622,-116.6728139
47.61259622,-116.65041389
47.92194624,-116.69801397
47.93594624,-116.69801398
47.93494624,-116.69801398
47.91385622,-116.845214
47.73125623,-116.69881393
46.58839636,-114.55601326
46.62329637,-114.45751325
46.44263634,-114.66051325
46.50598635,-114.60231325
46.46358633,-114.70821326
46.50926635,-114.56711324
46.43606636,-114.37741319
46.44381688,-114.66241277
46.40261633,-114.71121325
47.53669629,-115.91491373
47.49728629,-115.94161373
47.47077626,-116.20751377
47.4293563,-115.76141368
47.30945625,-116.12551372
47.34302625,-116.22781375
47.51054623,-116.50131384
47.4384662,-116.75981387
47.58342625,-116.38521383
47.55973624,-116.46121384
47.32338623,-116.35691377
47.39967619,-116.76381386
47.43705618,-116.9242139
47.42991619,-116.85671389
47.32477618,-116.88701387
47.36038619,-116.77921386
46.79281632,-115.0729134
47.08476632,-115.33761352
47.1870563,-115.57291359
47.13139623,-116.25201371
47.15103628,-115.79431362
47.24720631,-115.5921136
47.19487629,-115.68021361
47.27047632,-115.42311358
47.06850622,-116.31861371
47.10272621,-116.38751373
47.06798632,-115.32161351
47.06408632,-115.30801351
47.08246622,-116.34621371
47.07106625,-115.96001364
47.08077628,-115.69771359
47.07151626,-115.87731362
46.95427628,-115.65771355
46.7777663,-115.30051344
46.81566625,-115.77071354
46.8072562,-116.34161365
46.94547624,-116.03421362
46.80689622,-116.0618136
46.97561629,-115.50891353
47.29678617,-116.90951387
47.22277618,-116.82711384
47.36070618,-116.88781388
47.27214621,-116.5608138
47.01136621,-116.38551371
47.13741621,-116.42461374
46.87387616,-116.73851374
46.85281618,-116.5194137
46.70024614,-116.75391371
46.57026634,-114.71821329
46.45233632,-114.78761328
46.48209625,-115.52681343
46.48200625,-115.52681343
46.55173634,-114.68541328
46.54137629,-115.17211337
46.64624634,-114.78701332
46.60399633,-114.81341331
46.38250631,-114.8363466
46.4357963,-114.99721331
46.3632463,-114.92141328
46.39646632,-114.81321327
46.38660629,-115.06531332
46.41484624,-115.58401342
46.43496628,-115.16711335
46.44871631,-114.88031329
46.50550625,-115.55951344
46.47630625,-115.54261343
46.52144619,-116.21331357
46.56162619,-116.18021357
46.51529619,-116.20731356
46.47818624,-115.68211346
46.49561623,-115.77991348
46.41629624,-115.61261343
46.45993624,-115.58331343
46.49950625,-115.56491344
46.42862624,-115.56551342
46.42763624,-115.63061344
46.42970624,-115.62591343
46.39741624,-115.63081343
46.38709623,-115.62571343
46.44241618,-116.21441355
46.40871624,-115.60761343
46.42361618,-116.21001355
46.51299617,-116.34501359
46.50945615,-116.54141363
46.61500613,-116.8199137
46.69302617,-116.45521365
46.66433615,-116.70761369
46.50879617,-116.3869136
46.32043913,-116.65218061
46.35694616,-116.37361356
45.39568632,-113.87371288
45.43148632,-113.9278129
44.85757628,-113.84991278
45.09794632,-113.59371277
44.9920963,-113.74511278
45.0841963,-113.87211282
44.49530642,-111.93381232
44.48994642,-111.87071231
44.49653645,-111.56471224
44.54885643,-111.92861233
43.88283636,-111.8828122
43.86213636,-111.8966122
44.03809639,-111.71871219
44.07199639,-111.79781222
43.9055064,-111.53471213
43.62985636,-111.66861212
43.79024637,-111.70021215
44.07494638,-111.91941224
44.41484318,-112.80433181
44.41816638,-112.31251238
44.4421264,-112.11161235
44.51491641,-112.02701234
43.95457636,-111.95791223
43.88010634,-112.19641227
43.79613238,-112.17592465
43.55346627,-112.55061228
44.17939636,-112.23341233
44.40944632,-112.94181251
44.62072632,-113.15341259
44.64382623,-114.10171279
44.75354403,-113.99688233
44.79522625,-114.06181281
44.11769625,-113.38791255
44.09494623,-113.60311259
44.23624628,-113.14941252
44.24487629,-113.12321252
44.23384628,-113.14791252
44.27077628,-113.20921254
44.38494631,-112.97951251
44.55609623,-114.03141276
43.65893619,-113.61591252
43.63469618,-113.65131252
43.62011622,-113.17041242
43.69643624,-113.05531241
43.73949617,-113.93321259
43.70156618,-113.76771255
43.76688625,-113.07881243
43.96906619,-113.93981263
43.91877627,-112.92731242
46.25380621,-115.78081343
46.31395623,-115.62731341
46.24533624,-115.42941336
46.2605763,-114.83851325
46.28326623,-115.6061134
46.1221062,-115.7701134
46.26566623,-115.58251339
45.99013623,-115.31211328
45.92218622,-115.35961328
46.04444623,-115.40411331
46.04533921,-115.56793034
46.02230622,-115.44438032
46.05663632,-114.48191313
46.02496632,-114.50631313
45.11529627,-114.14201288
45.09385628,-114.05651286
45.09323628,-114.06391286
45.30759628,-114.29091295
45.09345628,-114.06041286
45.36147628,-114.26141295
45.40874629,-114.20741295
45.4135263,-114.09431293
45.76600623,-115.16901321
45.78662628,-114.64691311
45.84776627,-114.86311317
45.91028629,-114.67011314
45.81407322,-115.26663024
45.81958927,-114.78559615
45.45273621,-115.15571315
45.49833923,-114.93748011
45.5907162,-115.2789132
45.5903892,-115.2838962
45.62543927,-114.59098007
45.55732628,-114.51261304
45.68573622,-115.2119132
44.92199621,-114.57981293
44.89260621,-114.63001294
45.02795615,-115.38970011
45.04383915,-115.3246801
45.07150615,-115.41384612
45.43301322,-114.99005611
45.29047626,-114.40051297
45.43827621,-115.13651314
45.31973613,-115.80011324
45.53828917,-115.59764625
45.82766619,-115.60191331
45.81107621,-115.45251327
45.7667732,-115.42953026
45.50650614,-115.85384629
45.81312617,-115.78841334
45.54845616,-115.69491327
44.96294613,-115.50181312
45.00293611,-115.73271317
45.03915611,-115.82461319
45.01406611,-115.73201317
45.24519615,-115.53311318
45.24778616,-115.43741316
45.24443616,-115.43241316
45.30916616,-115.47061318
45.32107613,-115.85161325
44.93687612,-115.61761314
44.8597361,-115.73191314
44.9076761,-115.82391317
44.81625609,-115.82811315
44.8513061,-115.70501314
44.93083612,-115.63051314
44.93541612,-115.62711314
44.81822621,-114.5050129
43.9477061,-114.83671281
44.41088619,-114.30521278
44.47215619,-114.44231282
44.25548616,-114.56341281
44.17565612,-114.90701286
44.67020624,-114.07431279
44.63779623,-114.12401279
44.4669062,-114.25771279
43.60353612,-114.31551265
43.76638612,-114.4539127
43.78474608,-114.89191279
43.61959612,-114.29311264
43.71949612,-114.37831268
43.85360614,-114.32761269
43.94127615,-114.34851271
44.18132608,-115.27591293
44.23099611,-115.09971291
44.23757612,-114.96071288
44.25815609,-115.29471295
44.27057612,-115.0122129
44.26160611,-115.0423129
44.31202611,-115.10031292
44.3189961,-115.18851294
44.55144611,-115.33841301
43.84050606,-115.24331287
43.9329661,-114.8315128
44.0323361,-114.98811285
44.11012611,-114.96771286
43.98195611,-114.85581282
44.16646612,-114.89741286
44.15482611,-114.99471287
44.17655607,-115.37671295
43.61289604,-115.20071282
43.64540604,-115.25901283
43.73063608,-114.93931279
43.73500608,-114.90981278
43.81077607,-115.02781282
43.81256604,-115.37381289
43.81853605,-115.27311287
43.97700602,-115.77771299
44.08777606,-115.48311295
44.06544605,-115.51681296
44.48715608,-115.64971306
44.78950612,-115.46221308
44.53333608,-115.60951306
44.78566612,-115.47601308
43.74170601,-115.69701293
43.79893601,-115.72061295
43.809246,-115.85891298
43.825746,-115.85611298
43.82997602,-115.59531293
43.97717603,-115.71471298
43.93866603,-115.65691296
43.95354602,-115.79431299
43.688256,-115.72951293
43.72836601,-115.61531292
43.78437602,-115.55701292
43.64985601,-115.63091291
43.694026,-115.69581293
43.687926,-115.72591293
43.78244601,-115.66841294
43.653056,-115.74191293
43.80101601,-115.73501295
46.2550062,-115.91391345
46.03000618,-115.93991341
46.09038618,-115.92131342
46.12471619,-115.90771343
46.13651618,-115.98191344
46.19600618,-116.02951346
46.21091619,-115.91671345
46.18974618,-116.02451346
46.19993618,-116.01891346
45.83771615,-116.0672134
45.68863613,-116.12261338
45.83712314,-116.10913041
45.65108614,-116.02241335
45.77620614,-116.10641339
45.90561616,-116.04561341
45.48663613,-115.95051331
46.03701616,-116.13981345
45.95583914,-116.23506345
45.94301615,-116.09361342
45.99046615,-116.15631345
45.90674615,-116.08251341
45.94524615,-116.11441343
45.94286615,-116.11021343
45.63733613,-116.09541336
45.4172961,-116.17141333
45.40778611,-116.11251332
45.4183361,-116.16611333
45.61827613,-116.07691336
45.78918614,-116.09851339
45.77663614,-116.10861339
45.81386615,-116.07071339
46.09429613,-116.44091352
46.08070713,-116.42922352
46.04900611,-116.85365397
45.90350613,-116.26471345
45.92447309,-116.72468054
45.37316608,-116.35751336
45.4732161,-116.26371336
45.38025612,-116.0083133
44.88894608,-115.93391319
44.93613607,-116.13241323
45.23066609,-116.11451329
44.98050608,-116.05851323
44.62027605,-116.05331316
44.88107608,-115.96991319
44.65565606,-115.94611315
45.15877607,-116.28741331
44.98027607,-116.17471325
44.95396606,-116.22281325
45.22083607,-116.31331332
45.16463607,-116.28111331
45.12467607,-116.3163133
44.79657605,-116.19451322
44.91438606,-116.20441324
44.89511606,-116.17181323
44.52327604,-116.10331315
44.61900603,-116.30861321
44.58414604,-116.15081317
44.52930603,-116.13021316
44.67799605,-116.15041319
44.59225604,-116.17211318
44.49174603,-116.19181316
44.70046604,-116.26161321
44.79215604,-116.30671324
45.15640604,-116.66041337
45.13500603,-116.73821339
45.16777606,-116.41811333
45.14862603,-116.67061338
45.27842607,-116.41371335
45.26879606,-116.46731336
44.83816603,-116.41061327
44.893626,-116.76181334
44.89989601,-116.68321333
44.91394605,-116.30041326
45.00496912,-116.53350636
44.91619603,-116.5308133
45.04380604,-116.53331333
45.08472605,-116.48921333
44.60487602,-116.35001321
44.60983602,-116.39591322
44.86221604,-116.31441325
44.86155602,-116.60491331
44.75609598,-116.87681334
44.74112603,-116.31771323
44.72437599,-116.73791331
44.74046602,-116.48721326
44.82472604,-116.33551325
44.49186606,-115.8754131
43.922646,-115.94551301
43.92743601,-115.83751299
43.90840601,-115.79841298
44.32475604,-115.84451307
44.05320602,-115.89761303
44.06271601,-115.93181304
44.18586602,-115.93741306
43.78860599,-115.96031299
43.81557599,-115.90501299
43.70594598,-115.95131298
43.74644599,-115.92341298
43.76243598,-115.97131299
43.837636,-115.85101298
44.095566,-116.07121307
44.19021602,-115.98041307
44.18411602,-115.98201307
44.27821603,-115.97771308
43.67103597,-115.98841298
43.78862598,-116.08231302
43.74599597,-116.07071301
43.74337597,-116.052713
43.98228599,-116.05801304
43.66167597,-115.99251298
43.58002597,-115.98731296
43.63138596,-116.10541299
43.62852596,-116.09911299
43.87638593,-116.70561315
44.04553594,-116.68661317
43.97920598,-116.19461307
44.16296596,-116.63971319
44.33882599,-116.40511317
44.32571596,-116.72191323
44.43333901,-116.29021317
44.49571602,-116.29261318
44.49549601,-116.3657132
43.83966593,-116.61771312
43.82983593,-116.62921312
43.84958597,-116.17281304
43.84306595,-116.41221309
43.83416591,-116.88581317
43.80759595,-116.40051308
43.5893159,-116.68291309
46.236944,-114.9828