36.555,-106.08805556
36.69527778,-107.22027778
36.20305556,-105.65638889
35.20083333,-106.49083333
35.09666667,-108.21388889
35.07388889,-106.42444444
31.44861111,-109.02666667
33.21055556,-108.52388889
33.37722222,-108.60861111
33.71555556,-108.82361111
33.16361111,-107.90527778
33.37805556,-108.09222222
33.1625,-107.81222222
33.24472222,-108.67361111
33.08722222,-108.53416667
33.35611111,-107.94916667
33.785,-109.02333333
33.72333333,-108.91083333
33.47388889,-108.82111111
33.57638889,-107.98444444
33.66083333,-108.94083333
32.96611111,-108.17694444
33.24027778,-108.45472222
32.87944444,-108.07083333
33.7075,-108.82666667
32.98611111,-105.75777778
33.38222222,-105.63111111
32.94444444,-105.75194444
32.83166667,-105.72361111
32.83083333,-105.73638889
32.83805556,-105.71166667
32.93777778,-105.75388889
33.66138889,-105.47638889
32.97638889,-105.73972222
35.37083333,-105.60722222
35.72916667,-106.55777778
36.24333333,-106.76333333
35.73833333,-105.69388889
35.74194444,-106.61277778
35,-105
36.26333333,-106.79
36.43916667,-106.20277778
36.43361111,-106.23361111
36.55416667,-103.12694444
35.15611111,-106.36
33.53777778,-107.87444444
33.23027778,-108.26
32.97083333,-108.2125
33.23083333,-108.71222222
33.39361111,-108.90055556
33.10972222,-107.84972222
33.33805556,-108.07444444
34.03805556,-108.72555556
33.66194444,-108.41055556
33.99722222,-108.68416667
33.22805556,-108.34972222
32.82944444,-105.75583333
32.83166667,-105.7225
32.93277778,-105.74027778
32.95222222,-105.61972222
33.72833333,-105.66722222
36.45444444,-106.98583333
36.03083333,-106.2425
36.10972222,-106.89472222
35.83527778,-106.37055556
36.30555556,-106.18388889
36.73944444,-107.26555556
36.40333333,-106.18527778
36.26194444,-105.5725
34.61611111,-106.38694444
34.61583333,-106.38611111
33.87166667,-107.36833333
34.18916667,-107.31972222
35.06944444,-106.33694444
34.61555556,-106.38694444
34.13583333,-107.92305556
34.6175,-106.40444444
34.6275,-106.31472222
35.12361111,-108.27277778
35.05416667,-106.36805556
33.45972222,-107.88
32.91333333,-107.77361111
33.3,-108.24972222
33.31083333,-108.475
33.91972222,-108.88055556
33.29555556,-108.50055556
33.67,-108.88777778
33.00638889,-108.09277778
33.71305556,-108.87861111
33.20194444,-107.68305556
33.57194444,-108.57972222
32.89722222,-108.17416667
32.97555556,-105.74388889
33.35111111,-105.71555556
32.92694444,-105.72055556
33.61388889,-105.44055556
32.77,-105.36138889
33.60805556,-105.33944444
32.94638889,-105.88722222
32.83722222,-105.715
35.84333333,-105.65333333
35.7575,-105.66305556
35.74861111,-105.72722222
35.86527778,-106.68305556
36.19722222,-106.78166667
36.11166667,-106.57277778
35.77194444,-106.61027778
35.83055556,-105.66472222
35.71944444,-106.58694444
36.45,-106.21694444
36.5,-106.26666667
36.15833333,-105.59472222
36.39805556,-106.54416667
34.76972222,-106.33027778
34.135,-107.39444444
35.145,-106.46833333
34.725,-106.35333333
34.62222222,-106.40083333
34.955,-106.43583333
33.61,-107.40583333
36.58416667,-103.02388889
34.23083333,-105.77888889
33.49888889,-107.89666667
33.7375,-108.58861111
33.53611111,-108.64333333
33.5925,-108.95833333
33.88833333,-109.01527778
33.15722222,-108.43305556
34.07305556,-108.56555556
33.81083333,-108.96305556
32.46972222,-108.45055556
32.94333333,-105.74611111
32.83583333,-105.72305556
32.88,-105.78222222
32.83666667,-105.71388889
32.94333333,-105.74666667
33.38583333,-105.67027778
32.96805556,-105.75805556
33.50916667,-105.65111111
32.95055556,-105.65444444
32.92388889,-105.69944444
32.83055556,-105.73611111
32.97277778,-105.73611111
32.98638889,-105.75833333
32.83111111,-105.73722222
32.92416667,-105.71083333
35.86583333,-106.71083333
35.62694444,-105.73138889
36.41138889,-106.86944444
35.75833333,-105.66611111
35.73777778,-105.85583333
35.66805556,-105.70833333
36.19861111,-106.76805556
36.54833333,-105.54888889
36.85777778,-107.33833333
36.61694444,-106.21694444
36.55222222,-106.06583333
36.40333333,-105.34583333
35.20305556,-106.4175
33.69388889,-107.48611111
35.195,-106.47583333
33.04611111,-108.04361111
33.46194444,-108.5
34.05,-108.69638889
34.07277778,-108.54944444
33.1725,-107.71166667
33.77527778,-108.89194444
33.99166667,-108.34166667
33.54055556,-108.68444444
33.57944444,-108.95083333
33.05138889,-108.30305556
32.88083333,-105.77916667
32.82444444,-105.68611111
32.77944444,-105.55361111
32.80694444,-105.80361111
33.62611111,-105.2175
32.80583333,-105.80388889
32.83805556,-105.71222222
32.92611111,-105.63666667
32.83305556,-105.73333333
32.83694444,-105.71361111
36.31944444,-106.80111111
35.63972222,-105.87638889
35.68527778,-105.61861111
35.73222222,-106.56083333
36.23833333,-106.69083333
35.75333333,-106.79666667
35.73777778,-105.85583333
36.64333333,-106.01638889
36.79666667,-107.2475
36.45,-106.25027778
36.33305556,-105.39638889
34.79194444,-106.38138889
34.63972222,-106.43805556
34.61666667,-106.40361111
34.97,-106.41805556
32.93,-107.72166667
33.99888889,-108.25083333
33.59666667,-108.36972222
33.61666667,-108.87194444
33.12805556,-108.25166667
33.39388889,-108.10472222
33.16583333,-108.55527778
33.49888889,-109.02777778
32.90722222,-108.12916667
33.54222222,-108.82
32.73222222,-105.53055556
33.38416667,-105.61361111
32.88083333,-105.77916667
33.39861111,-105.73361111
32.72611111,-105.615
33.605,-105.32861111
33.6175,-105.34027778
32.99527778,-105.74583333
33.63027778,-105.28138889
32.9625,-105.90527778
33.64027778,-105.41
32.96472222,-105.61361111
33.38083333,-105.63833333
32.87333333,-105.79138889
32.82111111,-105.77027778
32.98222222,-105.75833333
32.94638889,-105.85972222
35.85166667,-106.62305556
36.14583333,-106.77027778
36.18166667,-106.77194444
35.8925,-106.78833333
35.28333333,-105.19611111
35.62638889,-105.62638889
35.77805556,-105.82111111
36.47972222,-106.39111111
36.67277778,-105.61
36.755,-107.25888889
35.14972222,-106.37805556
33.77416667,-107.43555556
34.02472222,-107.19861111
35.06305556,-106.36666667
33.915,-108.61277778
33.99388889,-108.99138889
33.455,-108.81944444
33.45444444,-108.49861111
33.52805556,-108.82027778
33.17166667,-108.20638889
33.16416667,-107.81972222
34.04472222,-108.70777778
33.56666667,-108.95
33.48666667,-108.7525
32.83083333,-105.73666667
33.48166667,-105.78555556
32.88111111,-105.77944444
32.96472222,-105.61388889
32.79916667,-105.49666667
32.96388889,-105.61111111
32.83972222,-105.70972222
32.83694444,-105.71388889
32.83138889,-105.72416667
32.79472222,-105.59833333
32.90444444,-105.77027778
32.92055556,-105.65222222
32.86944444,-105.77527778
35.97444444,-106.85166667
35.67916667,-106.81277778
35.75083333,-105.59916667
35.75166667,-105.65666667
35.835,-105.75333333
35.855,-106.62444444
36.20027778,-105.59527778
36.66666667,-105.615
36.56694444,-106.16666667
36.205,-105.40916667
36.55055556,-106.15027778
36.64138889,-107.28777778
36.53583333,-105.56111111
36.43583333,-106.21194444
34.955,-106.43555556
33.97611111,-107.18833333
34.21194444,-107.94027778
35.07805556,-106.475
34.61722222,-106.38944444
35.09805556,-108.05527778
35.38111111,-108.59444444
35.23027778,-106.4075
35.28694444,-106.5
33.89361111,-108.99611111
33.23,-107.97027778
33.08111111,-109.03777778
33.13916667,-108.245
33.10222222,-107.98611111
33.35638889,-108.3525
33.91416667,-108.85027778
33.44694444,-108.59972222
34.06055556,-108.51722222
33.77277778,-108.86444444
33.09638889,-108.04027778
32.965,-105.61416667
32.98694444,-105.46666667
32.88,-105.77944444
32.76111111,-105.75611111
32.83083333,-105.73416667
33.62444444,-105.24416667
32.75611111,-105.72916667
32.97555556,-105.74388889
32.965,-105.61388889
33.76666667,-105.77944444
32.83583333,-105.70305556
32.81638889,-105.76222222
32.98305556,-105.70833333
32.88027778,-105.77944444
32.83805556,-105.71194444
32.85277778,-105.75416667
32.91166667,-105.77361111
33.70944444,-105.72722222
32.99583333,-105.72277778
36.15694444,-106.92361111
35.62388889,-105.535
35.26805556,-105.23277778
36.43638889,-106.97194444
36.14083333,-106.59055556
36.2383,-108.91518
35.67858,-109.00835
36.79119,-108.68738
36.73708,-108.55007
36.73791,-108.70471
36.78338,-108.64163
36.77369,-108.60624
36.23322,-108.79821
36.76044,-108.57013
36.71697,-108.33585
36.066878,-108.85127
36.81972,-108.75668
36.73749,-108.53655
36.66119,-108.43271
35.8208,-108.92663
35.84041,-108.90516
36.30508,-108.9673
36.20355,-108.95585
36.700878,-108.70891
36.77397,-108.60841
36.72249,-108.38249
36.77549,-108.61452
36.77927,-108.67957
36.81347,-108.72541
36.74019,-108.45366
36.8153,-108.7278
36.18649,-108.71149
36.74122,-108.41557
36.77836,-108.70743
36.78233,-108.63177
36.7368,-108.52074
36.74983,-108.41816
36.694786,-108.45527
36.72174,-108.26605
36.24152,-108.7083
36.6986,-108.3597
36.81027,-108.71332
36.85924,-108.75441
36.66505,-108.40135
36.78355,-108.68891
36.79747,-108.70074
36.77913,-108.68216
36.78555,-108.6693
36.63622,-108.17382
36.55702,-108.3076
36.58841,-108.03477
35.89727,-109.02513
36.7383,-108.42557
36.7878,-108.64374
36.73827,-108.5666
36.7878,-108.64374
36.77302,-108.60563
36.78519,-108.68896
36.76944,-108.7036
36.79999,-108.71702
36.73991,-108.41432
36.77052,-108.70488
36.57461,-108.07152
36.78041,-108.68024
36.78199,-108.67902
36.84019,-108.73543
36.77299,-108.60646
36.84713,-108.72313
36.82322,-108.7258
36.78666,-108.68088
36.79949,-108.72124
36.78052,-108.68557
36.79124,-108.68105
36.73027,-108.5416
36.76677,-108.5698
36.72541,-108.36585
36.7861,-108.69302
36.74366,-108.47963
36.77549,-108.61196
36.22327,-108.70949
35.91272,-109.02435
36.76483,-108.67899
35.80974,-107.25499
36.77311,-108.60527
36.57016,-108.06259
36.988394,-108.33384
36.943214,-108.300273
36.715,-108.0461
36.8472,-107.5764
36.90983,-107.41878
36.93503,-107.74353
36.935,-107.743214
36.8736,-107.8406
36.66108,-107.49617
36.65169,-107.49158
36.6853,-108.0986
36.7097,-107.8831
36.7686,-108.1692
36.8175,-108.1881
36.9336,-107.6669
36.9192,-107.7114
36.9219,-107.5303
36.8122,-107.5844
36.8047,-107.8331
36.8278,-108.1164
36.7117,-108.2375
36.6444,-107.3519
36.9783,-107.4858
36.7947,-107.7833
36.9014,-107.5356
36.8486,-108.1217
36.9747,-107.7303
36.8906,-107.5356
36.8911,-107.5331
36.8944,-107.555
36.8008,-107.5472
36.8444,-108.1239
36.8447,-108.1228
36.8328,-107.4236
36.7017,-108.085
36.9403,-107.6678
36.7347,-107.5764
36.7692,-107.4961
36.88353,-107.64231
36.9414,-107.7933
36.8619,-107.7281
36.81763,-108.18763
36.7208,-107.5472
36.8578,-107.5397
36.8839,-107.6453
36.9247,-107.4731
36.9156,-107.5164
36.7411,-108.0061
36.6083,-107.6172
36.9736,-107.7208
36.9839,-107.76
36.9783,-107.7194
36.8036,-108.1125
36.76321,-107.13628
36.84253,-106.93444
36.80627,-107.156986
36.60684,-106.79511
36.66514,-106.80751
36.7711,-106.93927
36.7711,-106.93927
36.60568,-106.83209
36.65798,-107.15864
36.54488,-106.81059
36.51129,-107.10029
36.25892,-107.24988
36.79205,-106.76044
36.65071,-107.16287
36.83589,-106.61142
36.96131,-107.12129
36.541,-107.02933
35.22146,-107.54159
32.668578,-107.1177
32.6778,-107.1378
32.3939,-106.5919
32.7922,-107.2722
33.1161,-107.6669
31.9522,-106.6753
31.9978,-109.0225
32.5783,-108.5833
32.2217,-108.1456
33.150661,-105.880997
32.5431,-107.2653
31.7061,-109.0194
32.3322,-106.6025
35.83452,-106.41568
35.7389,-106.2886
35.8189,-106.3867
35.8231,-106.395
35.82953,-106.36236
32.77839,-104.1437
32.285253,-104.005897
32.137439,-104.403
32.213131,-103.708397
32.514631,-104.558
32.7947,-103.2135
32.370931,-103.797997
32.493469,-104.097297
32.498231,-104.325203
32.453511,-104.3172
32.036011,-104.3098
32.505939,-104.2762
32.48075,-104.3134
32.166692,-104.3824
32.687681,-103.907303
32.623031,-103.542503
32.787978,-104.2632
32.232411,-104.203697
32.521931,-104.3938
32.621578,-103.968497
32.578239,-103.700897
32.008519,-104.5344
32.490458,-104.191903
32.616489,-103.552497
32.504619,-104.081703
32.759542,-105.0822
32.539792,-104.4924
32.527981,-103.832497
32.647492,-103.795997
32.626519,-104.409303
32.585689,-103.4468
32.459581,-104.437303
32.477903,-104.303803
32.257542,-104.295097
34.93892,-108.106
34.94028,-107.8936
34.9356,-107.9178
34.9192,-108.05
34.9453,-107.8381
32.0011,-106.5819
33.15544,-105.77945
33.27119,-105.7235
33.25728,-105.7174
33.14177,-105.43188
33.260547,-105.731993
33.324342,-105.779097
33.260233,-105.73119
33.164608,-105.824651
33.157483,-105.775793
33.156264,-105.786193
33.355028,-105.73319
33.265345,-105.740088
33.163272,-105.765438
33.227664,-105.73979
33.216483,-105.70154
33.247233,-105.78719
33.304614,-105.428488
33.226564,-105.710393
33.269206,-105.708238
36.0711,-106.07883
36.07042,-106.11011
35.88614,-105.95189
35.9742,-106.3686
36.436269,-105.5236
36.04542,-106.06733
35.98994,-106.06439
35.94983,-106.08778
36.03208,-106.05606
36.475536,-105.554211
36.43122,-105.54528
35.827247,-106.182644
33.398892,-103.729797
33.355439,-104.849603
33.389931,-104.345703
32.854258,-104.308
33.654411,-104.168403
33.319019,-104.332
32.891392,-105.170303
34.1454,-104.846497
33.284069,-104.508797
33.410308,-104.612603
33.836442,-104.579803
33.765178,-104.574097
33.058158,-104.438797
33.3148,-104.326897
33.30706,-104.755669
33.3283,-104.3675
33.854678,-104.584603
33.397122,-104.591597
34.118728,-104.823303
34.029419,-104.739197
33.6456,-104.561097
33.30589,-104.35842
33.73347,-103.980203
33.39436,-104.6397
33.403269,-104.6138
33.415181,-104.981003
33.597739,-104.5271
34.672242,-106.749086
35.548778,-107.3486
35.96478,-107.168856
35.481658,-106.885003
34.4636,-106.8117
34.111881,-107.643203
34.02661,-107.035797
34.01778,-107.03725
34.113797,-106.8735
34.2406,-107.0028
33.9283,-108.2325
34.06825,-107.006303
34.194069,-107.664003
35.37797,-106.493787
34.8861,-106.7192
35.5753,-106.3358
35.0697,-107.7358
35.2022,-106.5869
35.3456,-106.5369
35.39458,-106.47331
34.8989,-106.733
35.3344,-106.5667
35.083,-107.5547
35.4164,-106.4172
35.6194,-106.8194
35.257708,-106.187897
36.3278,-105.6933
35.7459,-106.077203
35.84295,-106.0719
35.84545,-106.0719
35.9217,-106.4917
35.9275,-106.4808
35.9428,-106.5264
35.8622,-106.6025
35.0326,-108.86037
35.06544,-108.84131
35.06533,-108.84219
35.20116,-108.64296
35.07091,-108.84532
35.06658,-108.85727
35.077167,-108.834187
35.0368,-109.04032
35.04913,-108.81952
35.066,-108.84147
33.474918,-104.399538
34.332889,-106.690536
35.8369,-105.0796
33.57217,-104.374302
33.392,-104.3994
33.398548,-104.397576
33.397457,-104.410314
33.53935,-104.380322
36.545522,-103.458006
35.386342,-108.330597
33.890278,-103.710278
36.98302,-106.68268
32.827778,-105.381972
35.6767,-105.3108
33.873883,-105.97695
36.089444,-104.404722
34.58919,-106.77624
35.00665,-105.63033
36.3574,-104.2196
36.610833,-105.313056
34.114722,-103.082222
35.424722,-104.965278
33.4965,-104.4856
36.449444,-104.699722
31.452114,-108.858958
36.632778,-103.728611
34.016944,-107.097222
36.083315,-106.116352
36.755,-105.601389
34.72495,-106.75757
34.77834,-106.72828
35.918753,-106.236836
34.417,-104.40456
36.7461,-103.0376
35.00491,-105.78032
35.87503,-106.26109
32.938056,-105.608333
34.74103,-106.70988
35.916667,-106.588889
35.243481,-108.4159
35.913883,-105.2519
35.573344,-103.112381
32.865944,-107.307611
33.529072,-104.417703
35.61965,-106.00099
33.554,-104.799
36.01611,-105.2005
33.57008,-108.20331
35.129977,-103.216804
32.811111,-103.144444
35.68374,-104.85866
36.305556,-104.364444
34.115,-103.833611
36.129444,-106.095
33.4964,-105.1532
34.82355,-106.73843
35.78555,-106.45769
32.84021,-108.0785
34.670933,-105.585954
36.191389,-105.261111
36.59738,-103.11073
33.553889,-104.401667
33.5425,-105.416389
36.090625,-105.328825
36.449167,-104.718333
33.4,-103.765556
35.186944,-107.957222
36.15411,-103.73788
34.80077,-106.712078
35.80885,-105.271517
34.007,-103.764
36.549867,-104.675467
34.15687,-106.89032
33.075,-108.186667
33.659722,-107.197222
33.482025,-105.171688
33.946196,-103.405702
36.9297,-106.83766
35.385914,-106.459378
35.255,-107.535833
35.240168,-103.244264
33.4506,-108.801
32.224892,-104.125703
36.47788,-103.26335
33.612367,-104.915333
33.54835,-104.519217
35.027428,-106.004678
36.737861,-104.519417
34.79578,-106.69254
36.643333,-104.500833
33.683037,-103.340264
35.18867,-105.11913
34.63805,-106.75687
35.607639,-106.045067
33.46,-105.678
35.289024,-103.217788
36.656944,-105.616944
36.115556,-103.335
36.98859,-106.88837
33.27719,-103.701071
35.116944,-105.945278
36.478333,-104.748056
33.420124,-105.373352
35.68209,-107.45868
34.241033,-103.54705
36.87893,-103.20356
32.9225,-103.591111
36.53688,-106.48666
36.91516,-106.88555
33.334444,-105.109722
34.68411,-106.7519
32.91275,-105.4506
36.158583,-105.087567
35.39285,-104.693967
36.646389,-103.568333
36.697135,-107.88964
36.000556,-105.2125
32.3654,-104.125717
33.936861,-104.623389
35.310556,-108.009444
34.1432,-105.4644
35.532819,-106.150292
32.883333,-103.237778
34.752447,-103.193717
35.25816,-105.34499
34.21307,-103.5593
34.6781,-106.74884
34.946682,-106.283025
36.792778,-104.560278
36.653028,-104.495522
34.65401,-106.75539
34.09821,-106.88449
36.584,-104.169
33.36526,-104.93955
33.343283,-105.664561
34.27981,-103.35623
33.995,-103.563
36.320011,-104.466667
34.63073,-106.7744
34.092778,-103.371667
36.978056,-105.530833
34.4301,-103.786369
35.04078,-104.1469
36.70377,-108.02341
34.504775,-103.738347
36.48141,-104.71882
35.187537,-107.454783
33.14545,-103.29755
33.21,-105.19916
36.010883,-105.374467
36.603919,-103.485539
36.38969,-103.87886
35.416461,-106.843116
33.589778,-104.514806
36.09918,-105.2759
36.7238,-104.885
35.39001,-105.31418
34.62213,-106.77238
35.0695,-104.165
33.41642,-103.80127
32.3213,-104.7855
33.598,-103.34
36.343797,-103.59925
35.186944,-107.473056
35.254078,-107.984867
36.92343,-106.79856
33.167433,-105.198866
36.09007,-105.3292
33.4665,-105.6726
35.499722,-105.693056
33.890556,-103.413889
34.88578,-103.4345
34.412483,-103.433377
34.71666,-106.76655
34.61667,-106.76475
35.491944,-106.197778
36.589167,-104.168611
35.902467,-105.242583
33.87933,-103.09112
36.481944,-104.173056
33.7037,-103.0986
36.77015,-103.45064
33.71169,-103.11118
35.344136,-106.599242
35.68,-103.3499
33.967778,-103.398612
36.58376,-105.24196
36.110217,-105.140867
33.603483,-105.592233
33.20609,-105.22765
35.404722,-106.814722
35.228233,-104.923133
34.690338,-103.635204
33.362033,-105.169917
34.045831,-106.880719
34.67829,-106.77285
35.72371,-103.85892
35.67255,-106.660667
35.382222,-106.191389
35.889444,-105.920833
36.490278,-104.1375
36.70303,-106.54981
33.5032,-103.1045
34.17396,-103.3174
33.883889,-103.489167
36.981,-107.52005
34.9155,-103.46646
34.12477,-103.42935
33.70438,-103.33156
34.89157,-103.43406
36.49069,-104.93303
33.12787,-103.31718
33.715278,-104.569722
34.75861,-106.73323
36.04504,-104.61087
35.3325,-107.591667
34.874389,-108.495797
35.259672,-105.570681
35.942778,-106.246111
35.366067,-105.184367
34.31002,-106.88741
36.3125,-104.253056
33.8831,-108.8574
36.4495,-106.2069
32.887642,-107.9842
34.8793,-104.9708
32.216658,-103.992303
36.652556,-104.667361
36.484167,-103.133056
36.771109,-107.741353
36.066389,-106.118333
35.7229,-105.3399
32.653167,-103.478617
32.8141,-103.2155
36.1376,-105.0332
35.55684,-106.11224
36.348611,-104.4725
34.71846,-103.63651
36.724444,-105.3625
35.5216,-106.18972
35.210885,-103.961742
36.4875,-103.126667
34.262222,-103.332778
36.335278,-104.498889
36.122778,-105.156444
36.98878,-103.24502
35.534856,-105.370042
34.141389,-103.610556
34.730799,-106.743275
33.352222,-107.5575
34.845278,-106.361111
33.056667,-107.279444
32.947778,-103.154694
33.59958,-103.09002
34.79762,-106.6639
35.681676,-106.071361
36.678333,-104.406667
33.110964,-108.958119
35.37927,-106.4995
34.76232,-106.77447
35.89167,-106.380118
36.96443,-106.531284
35.71678,-105.07247
32.8075,-105.446667
36.898889,-105.124722
35.483677,-104.62373
33.563067,-105.599267
36.86081,-104.37023
35.334461,-106.573206
35.090733,-106.687828
35.656389,-106.585556
34.23118,-105.77521
36.97178,-103.26818
33.78717,-103.87825
36.269444,-105.191389
35.559167,-106.6675
33.4515,-103.07553
35.991933,-105.212333
36.53724,-103.42904
36.68889,-106.61521
33.314883,-105.110517
33.395839,-105.310203
36.813889,-104.1675
35.57107,-104.43536
35.097778,-103.988889
34.988283,-107.174772
31.5743,-108.8717
34.980608,-103.179494
32.611667,-103.568056
34.159336,-103.584489
35.3425,-107.323333
36.849376,-107.97614
36.704652,-107.945527
34.81429,-106.71838
33.029444,-103.449167
36.113,-105.238556
36.74742,-104.51001
36.448889,-104.625556
34.82882,-103.40638
34.505691,-106.03564
33.6867,-105.483
33.1925,-105.231389
36.028626,-106.09158
36.92579,-106.89049
36.007831,-105.948403
33.51796,-105.424517
34.063434,-103.375746
33.50959,-103.50861
36.98107,-104.8502
36.943056,-103.099167
35.345278,-107.526944
34.67423,-106.66914
34.958611,-108.2863
35.24757,-104.20792
33.7698,-103.6269
36.347717,-103.7657
34.278778,-105.561589
33.18696,-103.31756
34.1818,-103.45
35.98045,-106.911203
34.594208,-104.039939
34.562047,-104.245725
33.3253,-108.87767
35.789167,-104.931944
34.63324,-106.78134
35.097778,-107.76
32.497222,-103.895
36.194937,-105.119767
36.9147,-103.2812
36.56615,-103.39021
33.78238,-103.11453
35.66868,-106.74549
33.80809,-105.7386
33.3975,-104.392778
36.124,-104.3485
33.528889,-104.4175
33.334722,-105.716389
36.522692,-103.300975
35.0052,-105.93781
33.685,-103.387778
36.406889,-103.659278
35.827002,-106.82299
33.344487,-105.044872
35.599444,-105.431667
34.329769,-104.9562
32.71911,-103.17554
36.746448,-106.438885
34.74127,-106.78283
32.53075,-103.284167
36.328889,-104.835556
33.335278,-105.6875
32.893333,-103.596111
35.8618,-106.603103
35.035989,-104.400192
36.27016,-104.99045
33.685,-103.387778
33.718,-103.444
33.54624,-103.10194
34.7233,-106.75816
36.00254,-104.49234
35.3325,-108.002769
34.542832,-103.318963
35.8463,-105.994
35.38097,-105.22107
35.772483,-105.944796
33.21194,-103.06052
36.138708,-106.002947
36.84959,-106.58394
32.94397,-103.21872
35.49973,-108.45151
33.88959,-103.71124
35.571735,-108.139071
32.801667,-103.195278
35.38599,-108.211381
34.65115,-106.75771
34.55068,-106.77804
36.22481,-105.10808
35.040678,-106.134353
35.004815,-105.846724
35.687201,-105.962466
34.52715,-106.7679
34.754304,-106.260231
35.77291,-105.32817
35.9093,-106.2767
36.2652,-105.0416
35.518606,-106.221283
35.413056,-105.492778
34.80368,-106.71993
34.58826,-106.77463
35.0143,-104.4778
33.368611,-105.241111
35.15605,-103.705537
34.39214,-105.73224
35.530167,-108.608467
35.04096,-106.13245
33.529444,-104.785556
36.06727,-105.32219
33.874828,-108.551103
35.948889,-106.020833
34.989533,-106.147265
36.1066,-106.1564
35.55565,-106.110658
35.9428,-105.2509
36.21562,-104.92111
33.86187,-103.73236
33.953889,-106.870833
36.11915,-105.118912
34.794278,-106.839611
34.801444,-106.722417
32.91764,-103.60819
35.22458,-107.9393
35.30656,-105.16121
35.036667,-107.181111
32.74555,-105.9724
34.74382,-106.77631
36.000833,-105.960833
34.59661,-106.76234
36.549444,-104.538889
34.7247,-106.7629
35.616439,-105.969042
36.041111,-104.684722
34.982389,-108.330583
34.7256,-106.71994
34.6296,-106.7509
35.076442,-106.411248
34.02218,-103.12688
33.916159,-103.659449
34.80847,-106.53142
35.646944,-104.261389
36.07111,-106.10333
36.03908,-106.09585
32.699167,-103.374444
35.4553,-105.5886
34.4896,-106.81401
35.301635,-105.444199
35.239167,-106.817222
34.62179,-106.77756
34.50071,-105.93803
34.809215,-106.716109
33.31925,-105.097283
34.06781,-106.8744
35.50795,-105.25748
35.597444,-106.098581
32.808056,-107.918889
35.747333,-105.3611
34.9217,-104.6725
35.90603,-104.707852
33.32804,-105.1869
36.979345,-106.509626
34.711,-105.1405
34.098663,-103.481817
34.687387,-104.246838
35.110356,-107.875222
34.650306,-106.755389
34.17877,-104.86826
34.041943,-103.300426
36.58492,-105.31022
34.807942,-106.718405
34.66935,-104.34214
34.69094,-106.73822
33.419,-105.425
33.62015,-103.33939
35.399139,-105.944667
36.008117,-105.965944
33.17009,-103.67689
36.48798,-103.07663
36.325556,-105.609722
34.75996,-106.64696
35.322154,-106.557212
35.085111,-107.6785
35.294752,-106.024476
32.925278,-103.580556
35.380494,-106.020128
34.996574,-106.050753
33.150261,-105.847297
34.71753,-106.53238
32.753056,-108.058611
35.701111,-106.007222
33.42,-105.425
34.141181,-104.84368
35.297222,-108.423333
35.141985,-103.850096
35.236912,-108.757866
34.05606,-106.87436
35.633056,-106.166667
34.69399,-106.76205
34.5311,-106.7813
35.508797,-106.240108
34.7624,-104.4879
34.71936,-106.75737
34.80324,-106.72147
36.154306,-108.493639
33.75767,-103.84283
35.85334,-105.24957
35.0405,-108.6071
35.561111,-106.123333
34.47443,-104.34595
34.1268,-103.5253
34.871667,-106.497778
35.86452,-106.00063
36.71899,-106.53654
34.74573,-106.73053
36.139,-105.23855
35.52789,-105.08868
34.380728,-105.454542
34.80846,-106.52916
34.80471,-106.59961
35.83862,-105.26104
36.01109,-105.22327
35.496439,-106.730278
35.9265,-104.9817
36.24383,-104.97001
33.967766,-103.218643
36.08932,-104.83719
34.89821,-104.71765
34.7508,-106.498
33.430756,-105.671025
35.46001,-105.15855
34.9795,-105.0455
34.76252,-106.74313
34.55694,-106.77885
34.47393,-104.36383
35.026979,-106.671767
35.14599,-106.0321
35.580103,-105.767308
35.1735,-103.6161
34.971667,-106.0575
34.806928,-106.713267
33.5065,-105.4032
32.67815,-105.7267
35.58268,-106.05459
36.000059,-105.93452
35.6424,-105.2673
33.855556,-105.824722
36.58405,-103.88601
35.13749,-107.87391
35.510541,-108.523435
35.726715,-108.142457
35.520905,-106.166619
35.56373,-106.76879
34.795083,-106.758278
35.033611,-106.175278
32.631425,-105.714411
35.7794,-105.2717
35.00459,-106.68628
34.786441,-104.937826
36.21,-105.108
34.63425,-106.76332
35.61884,-105.25954
35.55323,-105.25793
34.25502,-103.24486
34.72125,-106.53759
32.869,-107.302333
35.262222,-107.978333
35.43,-105.14
34.80782,-106.71284
35.84059,-105.250236
34.63346,-106.7536
35.379167,-106.823056
33.5564,-105.20158
34.12721,-104.08429
35.73258,-104.79039
34.186064,-103.360219
35.994167,-105.316667
35.00709,-105.92796
34.747359,-106.60266
33.321972,-105.130897
36.0261,-104.5532
35.018236,-106.664125
35.198849,-103.671405
34.60476,-106.75726
35.40571,-109.00135
35.057167,-106.166064
35.21615,-105.17031
35.548056,-105.509167
34.6846,-106.77435
33.4003,-105.6788
35.292222,-107.486111
34.997256,-105.979357
35.080563,-106.402584
35.48536,-104.08348
34.059471,-103.081181
35.6337,-105.31254
35.4544,-105.1219
35.80967,-106.22637
35.79277,-105.38753
33.849167,-103.285556
35.352,-105.16438
35.076944,-106.209722
35.9525,-106.034167
35.42709,-105.20644
36.056006,-107.422373
35.102419,-106.238642
34.679333,-106.7655
35.640117,-109.007783
33.73424,-107.01497
34.492575,-104.246228
36.344079,-104.557609
34.676295,-105.678841
33.25676,-103.1376
35.006661,-105.897633
35.519286,-106.216397
33.47598,-105.68459
34.40015,-103.26696
33.258984,-103.332397
35.61699,-105.41372
35.628889,-105.406389
35.0725,-106.168333
34.804694,-106.587472
33.114183,-105.935933
35.4875,-108.464722
35.30644,-106.421
35.425,-108.236111
35.7636,-105.291867
36.53683,-106.4908
32.12775,-108.3179
35.553333,-105.961389
34.79998,-106.70615
34.69324,-106.73004
35.15502,-104.86645
33.985435,-103.649534
33.760221,-103.340472
33.422558,-105.681122
33.3204,-103.5255
34.578607,-103.336778
35.34808,-106.507073
35.631,-105.1958
31.863333,-108.167778
34.98802,-106.11276
36.1961,-105.2214
35.553211,-106.115703
35.6738,-103.1733
35.12017,-103.90599
35.39458,-105.36495
34.289213,-103.415781
34.801167,-106.540556
34.738611,-106.748111
35.0705,-104.262
34.69492,-106.774
32.7523,-108.29346
34.75393,-106.7606
34.69493,-106.76036
35.63703,-105.93192
35.92743,-105.27456
31.765,-108.803889
33.14583,-103.18671
36.22697,-105.00343
36.22791,-105.01981
34.13072,-105.35153
34.989604,-106.129653
32.355788,-104.207027
35.90073,-105.2351
35.152222,-105.460556
36.977389,-107.874583
33.290633,-103.448633
35.23768,-107.95161
34.52975,-106.75466
34.74599,-106.746758
33.569,-104.378
36.037626,-106.087977
34.81103,-106.7072
34.44929,-103.83813
36.798611,-107.706111
35.3325,-108.0025
35.488611,-108.470556
33.945787,-103.459461
35.490278,-106.259722
36.000111,-105.900528
34.576028,-106.791944
34.346478,-103.248678
35.8329,-105.2382
34.261267,-105.60175
34.80917,-106.71632
35.003703,-106.688145
35.031717,-106.122197
34.93644,-108.7718
36.9347081,-103.47485946
36.95965613,-103.10660938
36.94500612,-103.1994094
36.63925608,-103.12840935
36.73379607,-103.44410943
36.80400611,-103.08685936
36.98498706,-104.38334768
36.97794806,-104.25075664
36.99180606,-104.37920967
36.80933901,-104.79034275
36.82407602,-104.59849971
36.84265603,-104.5286097
36.89590602,-104.70462674
36.90950604,-104.54940971
36.95486603,-104.82280977
36.94755604,-104.60250972
36.98906604,-104.65770974
36.673975,-104.49875967
36.72199801,-104.47138767
36.69520604,-104.01050956
36.71654604,-103.90880954
36.73132601,-104.46410967
36.73786701,-104.51942668
36.77160607,-103.66060949
36.79139503,-104.28445363
36.84933599,-105.13690983
36.842916,-104.89260978
36.98027599,-105.52270993
36.875606,-105.12550983
36.95972799,-105.43612091
36.92556198,-105.55695394
36.87660601,-104.94140979
36.84185598,-105.36670989
36.73322295,-105.4912099
36.73392295,-105.49839291
36.76540596,-105.36310988
36.76694595,-105.63190994
36.80667298,-105.16280984
36.80527298,-105.15590983
36.842973,-104.89267878
36.70247597,-105.07171981
36.68478397,-105.08498181
36.68776594,-105.53960991
36.70970594,-105.58164292
36.74368596,-105.4516099
36.73636595,-105.50110991
36.37972302,-103.4130594
36.47376405,-103.23802836
36.57512307,-103.04579233
36.581936,-104.25730961
36.63094608,-103.11900935
36.388326,-103.88590951
36.36244599,-103.94000952
36.355356,-103.63785945
36.20387394,-104.33274859
36.51833592,-105.48010988
36.58299097,-104.76279672
36.53148496,-104.85998474
36.58512597,-104.75814972
36.58081596,-104.97070977
36.58889494,-105.32723185
36.52240597,-104.6602097
36.60762597,-104.84240975
36.63287296,-105.12419281
36.40386592,-105.1810198
36.43783892,-105.35580985
36.44618494,-104.95590976
36.47556198,-104.38889863
36.44305592,-105.34000984
36.47727497,-104.58731768
36.48863597,-104.59350968
36.26423589,-105.33950983
36.23873888,-105.49909286
36.26701595,-104.42730962
36.2636169,-105.10862077
36.45625591,-105.5729099
36.63441593,-105.64460993
36.55889492,-105.5352879
36.49922592,-105.52130989
36.56789593,-105.5219099
36.63317293,-105.62792693
36.63317593,-105.62780993
36.55909592,-105.5318099
36.43315591,-105.53480989
36.44100591,-105.54470989
36.42765589,-105.74740993
36.43917591,-105.53280989
36.44611691,-105.55750989
36.44464591,-105.55020989
36.44083891,-105.54139889
36.32242705,-105.58415321
36.2918285,-105.57936977
36.31199346,-105.58265613
36.26900587,-105.69964291
36.3721759,-105.51250988
35.99972593,-103.9993095
35.99972593,-103.9993095
36.06359587,-105.27400979
36.15695001,-103.06000929
36.1394059,-104.95400973
36.13875217,-104.22374644
36.17445,-103.17195332
35.97256587,-104.94560971
35.86583919,-104.27389845
35.92472812,-104.38084291
36.10958885,-105.65709288
36.11213684,-105.78084291
36.14177285,-105.66010989
36.13232242,-105.74781541
36.17074086,-105.7213079
36.16320585,-105.7204099
36.17261686,-105.7017599
36.15775586,-105.67674289
35.82937582,-105.52200983
35.96090584,-105.45930983
36.02417585,-105.45250983
36.03099585,-105.43810983
35.99428583,-105.69120988
36.06622584,-105.70720989
36.10077284,-105.79402691
35.7558358,-105.66940986
35.7568858,-105.66580986
35.7570558,-105.66190985
35.7561558,-105.66200985
35.7564558,-105.66290986
35.8066458,-105.68740986
35.8160858,-105.68100986
35.81059582,-105.45400981
35.82045581,-105.64720986
36.95348591,-106.7173102
36.95981592,-106.56930317
36.99214595,-106.21911009
36.73978589,-106.55901014
36.72788889,-106.50592713
36.76181592,-106.13391005
36.76237292,-106.13412705
36.76641589,-106.55968015
36.8928259,-106.71450019
36.93869594,-106.18181008
36.93217592,-106.57591016
36.94797595,-106.12221007
36.9974919,-106.96987126
36.89304589,-106.82051022
36.91985589,-106.88921023
36.92743586,-107.42581035
36.9277159,-106.77746021
36.92970589,-106.95974025
36.94740589,-106.98421026
36.95087589,-106.99250026
36.97995588,-107.24989332
36.98728591,-106.75733021
36.77345587,-106.91524022
36.81329586,-107.20311029
36.83342584,-107.57571037
36.81853584,-107.49131035
36.90287586,-107.32011033
36.74797284,-107.42052733
36.71593917,-107.29989364
36.77767287,-107.00001024
36.89327587,-107.16381029
36.94722585,-107.70801041
36.94291585,-107.67411041
36.94861585,-107.73181042
36.99087284,-107.86037745
36.99164586,-107.67601041
36.99238886,-107.58751039
36.97010585,-107.69161041
36.96920584,-107.89029346
36.74996581,-107.79901041
36.83561584,-107.61551038
36.94088585,-107.67351041
36.90142284,-107.78127743
36.93661583,-107.88951045
36.83581583,-107.65561039
36.87669584,-107.60111038
36.90868585,-107.61151039
36.89305585,-107.61581039
36.34141585,-106.15821002
36.37222786,-106.22862104
36.57927289,-106.20221005
36.65338891,-105.99687701
36.42072886,-106.21928304
36.45146587,-106.22741004
36.54340589,-106.02142701
36.46667288,-106.05001
36.05761582,-106.08470998
36.05848582,-106.09110998
36.05870582,-106.06650997
35.9714858,-106.08800997
36.06454582,-106.10750998
36.11604483,-106.04700997
36.21214585,-105.91390995
36.30168585,-106.15871001
36.31463885,-106.15446001
36.5263392,-106.4755101
36.60350588,-106.37281009
36.53036586,-106.4690101
36.60273888,-106.39256009
36.63600588,-106.47051011
36.67540588,-106.51861013
36.70028588,-106.54632014
36.69566588,-106.64321016
36.70067289,-106.45375312
36.0973058,-106.53691008
36.13971579,-106.69651012
36.32095583,-106.5495101
36.35486583,-106.5320101
36.19484582,-106.32461004
36.21346082,-106.35561005
36.45258886,-106.28434306
36.53404586,-106.4638101
36.00127578,-106.59201008
35.98148577,-106.64841009
36.00031578,-106.61941009
35.99791579,-106.33111002
36.0328158,-106.27581002
36.02620578,-106.60881009
36.01591578,-106.61561009
36.02280578,-106.6510101
36.09529581,-106.37241004
36.53229582,-107.16530026
36.62455584,-107.08279625
36.66254586,-106.91674021
36.66254586,-106.91674021
36.67841585,-107.02301024
36.7120858,-107.94391044
36.7114058,-107.85941042
36.70479584,-107.32751031
36.71447287,-106.79046019
36.1777058,-106.73371013
36.21260578,-107.13969322
36.2000658,-106.76551014
36.36829582,-106.75161015
36.27412581,-106.77451015
36.44584583,-106.84831018
36.47020583,-106.9544102
36.50837584,-106.79661017
36.52060584,-106.9093102
36.04400577,-106.85171014
36.03864577,-106.78951013
36.02686576,-106.96151017
36.00750576,-106.94821016
36.02972576,-106.98711017
36.09270578,-106.72701012
36.10349576,-107.17707022
36.02333577,-106.85081014
36.1703958,-106.71181012
35.92514578,-106.30161001
35.83526577,-106.25090999
35.88855579,-106.05670995
35.84012578,-106.20800998
35.89513978,-106.36022902
35.8874558,-105.96980993
35.88888579,-106.14000997
35.93030579,-106.29061001
35.92062578,-106.33461002
35.97128579,-106.35321003
35.77427576,-106.28741
35.80489579,-105.97490993
35.8310058,-105.86320991
35.89878576,-106.63061008
35.91950576,-106.64821009
35.92892578,-106.37971003
35.95099577,-106.56001007
35.93689578,-106.43801004
35.93700577,-106.61671008
35.97219579,-106.38171003
35.84978576,-106.62211008
35.85372576,-106.62401008
35.85322576,-106.62581008
35.86633576,-106.60611007
35.85415576,-106.62541008
35.86312576,-106.62581008
35.87794577,-106.38671003
35.89696576,-106.63031008
35.89262577,-106.39751003
35.75674575,-106.47791004
35.75167574,-106.62381007
35.78133576,-106.44321003
35.77729576,-106.42341003
35.75925574,-106.61661007
35.82819575,-106.62151007
35.83575575,-106.60221007
35.93009576,-106.6972101
35.92783576,-106.67001009
35.92031575,-106.82191013
35.91939575,-106.82901013
35.93097576,-106.7094101
35.94391577,-106.64651009
35.96050577,-106.66121009
35.84077574,-106.85591013
35.85095575,-106.69171009
35.85183575,-106.69421009
35.89167575,-106.74021011
35.87775574,-106.89291014
35.86594575,-106.7081101
35.88814576,-106.7152101
35.88937576,-106.7134101
35.90506575,-106.89861014
35.75625573,-106.7600101
35.76715573,-106.87271012
35.76334573,-106.83821012
35.79041574,-106.79111011
35.79719574,-106.78921011
35.81047571,-107.25361021
35.82483574,-106.89511013
36.8182158,-108.1682105
36.90951582,-108.05281048
36.82866581,-107.97561046
36.98293883,-107.98132748
36.99000583,-108.00501048
36.8093458,-108.22161051
36.79513579,-108.28651052
36.77796579,-108.27901052
36.78889481,-107.98445446
36.7882158,-108.08077048
36.8017258,-108.1623105
36.8022228,-108.1816775
36.8208728,-108.11484349
36.8094728,-108.22042751
36.78325577,-108.63431615
36.78581132,-108.67167727
36.80647799,-108.70745506
36.812764,-108.70027833
36.7908391,-108.68751061
36.81278354,-108.70112173
36.7730891,-108.60603837
36.78695021,-108.64889949
36.79117243,-108.68123283
36.77361687,-108.70142728
36.77931132,-108.67945505
36.76931132,-108.60248281
36.77814465,-108.68176061
36.77350577,-108.60695503
36.77528354,-108.61556615
36.843436,-108.73427323
36.8573391,-108.77487175
36.85822799,-108.7834273
36.8558391,-108.75659396
36.87145021,-108.77431619
36.8720891,-108.76081619
36.87250577,-108.75278841
36.81250577,-108.71506617
36.80797799,-108.70473284
36.82167243,-108.72639951
36.8108391,-108.72612173
36.81367243,-108.72434395
36.84945021,-108.73809396
36.7918391,-108.71067728
36.79506132,-108.73381618
36.79256132,-108.69631617
36.79986688,-108.69506617
36.80195021,-108.71917728
36.81131132,-108.71281617
36.81239188,-108.72589951
36.81631132,-108.72184395
36.73861578,-108.25121051
36.71803355,-108.33339942
36.73300577,-108.41812166
36.74753355,-108.42123277
36.73375577,-108.41798277
36.73661688,-108.42259388
36.73750577,-108.40714943
36.76428579,-108.2045105
36.73025577,-108.40239943
36.73310579,-108.08681048
36.6981728,-107.96751045
36.70716579,-108.12731048
36.72931133,-108.40348276
36.72856134,-108.28389941
36.72245022,-108.37087165
36.73636688,-108.51776057
36.76320021,-108.56751058
36.76067243,-108.56995503
36.75556132,-108.56092725
36.75556132,-108.56556614
36.76417243,-108.57417725
36.75070021,-108.55839947
36.73732799,-108.53650224
36.73747799,-108.53653835
36.74017244,-108.45337167
36.73781132,-108.4965939
36.73917244,-108.43223277
36.73881133,-108.4250661
36.74031133,-108.4073161
36.72914466,-108.40348276
36.72728355,-108.41470499
36.73000577,-108.4055661
36.74361688,-108.47601056
36.73795022,-108.45417722
36.73867243,-108.53445502
36.76564466,-108.57953836
36.77714465,-108.71462172
36.78258909,-108.7677884
36.78225576,-108.67276061
36.78139465,-108.68978839
36.77339465,-108.73531617
36.78150576,-108.68467727
36.7763391,-108.67920505
36.76414466,-108.5916217
36.77861688,-108.61476059
36.77361687,-108.72612173
36.7738391,-108.60948003
36.75325577,-108.58495503
36.76056132,-108.60389948
36.76417243,-108.58306614
36.76342243,-108.58420781
36.70278379,-107.99831045
36.58964465,-108.23373549
36.64072799,-108.27020495
36.66895579,-108.00811045
36.68368579,-108.09901047
36.71189466,-108.42589943
36.69050577,-108.35762164
36.6969058,-107.98022745
36.7001728,-107.96284345
36.42820018,-108.3858994
36.53359577,-107.95121043
36.35975573,-108.2514327
36.56158909,-108.23410216
36.31620017,-108.26403825
36.47478354,-107.99720488
36.52167242,-108.23417715
36.57184578,-107.98981044
36.59592239,-108.98887177
36.60231128,-108.8961773
36.61417239,-108.90139953
36.60742239,-108.92503286
36.63111684,-108.84123285
36.67708908,-108.73262172
36.70091408,-108.70914949
36.69978353,-108.70812172
36.23689456,-108.89437171
36.2954779,-109.01178841
36.34256126,-108.71417724
36.39036681,-108.87245505
36.41533904,-108.72128836
36.39072792,-108.87267728
36.41722795,-108.43981608
36.43389459,-108.89917729
36.46581126,-108.99909398
35.76679729,-108.66252995
36.18600566,-109.01187173
35.77555841,-108.62024661
36.06289454,-108.93939948
36.17703344,-108.91392727
36.12070009,-109.03859395
36.60681127,-109.04539956
36.31131123,-109.03745508
36.36897791,-109.04026064
36.18036677,-109.03512174
35.49229583,-104.42040955
35.66833578,-105.70560986
35.66894578,-105.64060984
35.6944258,-105.4616098
35.7516658,-105.67340986
35.69667255,-104.60389851
35.74427579,-105.68140986
35.61717578,-105.60000983
35.63489579,-105.36840978
35.6457858,-105.30460977
35.65467578,-105.63680984
35.6495458,-105.30220976
35.66283578,-105.63760984
35.6828958,-105.4585098
35.67691578,-105.74330987
35.29122576,-105.1248097
35.36641574,-105.5639098
35.51125575,-105.80150987
35.52395576,-105.66050983
35.50089575,-105.74040985
35.54174583,-104.46660957
35.56783578,-105.45790979
35.59217578,-105.53920981
35.66909574,-106.46553003
35.64025573,-106.55941004
35.66917575,-106.21340997
35.72622575,-106.42901002
35.25863568,-106.36920997
35.4138657,-106.46051
35.33820568,-106.54051001
35.35669569,-106.51061001
35.50238572,-106.38980999
35.47898613,-106.28324216
35.55667574,-106.12040994
35.21070567,-106.44780998
35.20118567,-106.40420997
35.21483567,-106.40820997
35.22686567,-106.48900999
35.24897234,-106.41172665
35.23862568,-106.41290998
35.23697568,-106.41450998
35.24687568,-106.41330998
35.23543568,-106.41130998
35.15472804,-103.10667592
35.18861689,-104.24667619
34.70085564,-105.64350976
34.72663562,-106.08500986
34.99939569,-105.45570975
35.00453568,-105.78670982
35.06328565,-106.36780995
35.15900567,-106.37220996
35.17665567,-106.37850997
35.17722567,-106.38030997
35.17534567,-106.37680996
35.16834567,-106.37280996
35.17730567,-106.37900997
35.17577567,-106.37690996
35.21856567,-106.40050997
34.80780561,-106.37400993
34.85815562,-106.33940993
34.97677679,-106.35631462
35.03167565,-106.33120994
35.01483565,-106.33700994
35.04524565,-106.35370995
35.03400565,-106.35410995
35.04516565,-106.35380995
35.06272565,-106.36660995
34.7071556,-106.2417099
34.78990561,-106.38260993
34.7423656,-106.38560993
34.61728558,-106.38760992
34.75731561,-106.2491099
34.61710558,-106.38930992
34.78932561,-106.37030993
34.76953561,-106.33030992
34.63921559,-106.34340991
35.12935566,-106.48050998
35.21533567,-106.40970998
35.20962567,-106.43210998
35.20204567,-106.51221
35.21254567,-106.43270998
35.18924567,-106.41920998
35.02527564,-106.49330998
35.07935565,-106.40730996
34.61507558,-106.38630992
34.61678558,-106.38820992
34.68345559,-106.42990994
34.61426558,-106.38640992
34.67096559,-106.40980993
34.61726558,-106.40390993
34.61684558,-106.40330993
34.68079559,-106.40710993
34.7327256,-106.40050993
34.14190565,-103.63240927
33.97939557,-104.67190949
33.93267557,-104.61860948
33.86597758,-104.26778739
34.02703558,-104.73540951
34.21490566,-103.69350928
33.49123547,-105.15430956
33.54340557,-103.30240915
33.54064547,-105.35960961
33.58738548,-105.23450959
33.76939549,-105.6927097
33.8244955,-105.6415097
34.17064555,-105.73640974
34.19014555,-105.72370974
34.30409558,-105.52470971
34.21813556,-105.61040972
34.19149555,-105.72970974
34.22070556,-105.76340975
34.19856555,-105.74160975
33.53246546,-105.48180964
33.53538545,-105.7327097
33.53251546,-105.48200964
33.57828546,-105.66300968
33.59277213,-105.71729303
33.73714548,-105.65460969
33.66671547,-105.62850968
33.60453546,-105.67470969
33.59924547,-105.45230964
33.48639544,-105.7833097
33.49233544,-105.7799097
33.48751546,-105.37980961
33.50164545,-105.52510965
33.48249544,-105.7849097
33.50021544,-105.7704097
33.53044545,-105.61860967
33.52100546,-105.47020964
34.59801558,-106.44020993
34.60549558,-106.41770993
34.61596558,-106.38730992
34.62028558,-106.40960993
34.61514558,-106.38620992
34.61659558,-106.38910992
34.61570558,-106.44370993
34.61670558,-106.38600992
34.60702558,-106.41430993
34.20605554,-105.9978098
34.22128555,-105.79870976
34.23402553,-106.25260986
34.56710557,-106.43480993
34.57361557,-106.42620993
34.60300558,-106.40880993
34.60568558,-106.40970993
33.50215544,-105.78760971
33.48639544,-105.7831097
33.50214544,-105.7823097
33.75043548,-105.82910973
33.78235548,-105.82500973
33.85023549,-105.82140974
33.87780547,-106.32060985
35.71872574,-106.63241007
35.15326561,-107.43221019
35.15451565,-106.74071004
35.28899562,-107.48571022
35.60917238,-106.73028786
35.57689571,-106.76091008
35.48323569,-106.8956101
35.70838573,-106.60851006
35.07900564,-106.66781002
35.12859564,-106.73081004
35.27456561,-107.64901025
35.28955561,-107.63181025
35.29385562,-107.61671024
35.36752558,-108.46121043
35.32360562,-107.58351024
35.37251558,-108.50301044
35.36769559,-108.20771038
35.40750558,-108.48031044
35.36527559,-108.21531038
35.1984956,-107.58041023
35.1876456,-107.58921023
35.18988559,-107.78241027
35.21469558,-108.13611035
35.22141561,-107.61771024
35.22891557,-108.23331037
35.25761561,-107.68231026
35.2207556,-107.63311024
35.26622561,-107.59991024
35.10234554,-108.4399104
35.11198558,-107.78911027
35.10050556,-108.17431035
35.12769556,-108.09991033
35.14735556,-108.27961037
35.15245555,-108.48931042
35.14806557,-108.14671035
35.13361557,-108.05281032
35.71492228,-108.77048275
35.37184557,-108.55401045
35.39250558,-108.52001045
35.38271558,-108.53741045
35.40250558,-108.52151045
35.08754552,-108.78661048
35.14539553,-108.71571047
35.14444555,-108.49181042
35.25473555,-108.59631045
35.37241558,-108.50771044
35.36830558,-108.51771044
35.36363558,-108.50891044
34.91056117,-106.70278779
34.93794561,-106.70191002
34.95548562,-106.67561001
34.97123562,-106.69421002
34.92278339,-106.7038989
34.87409561,-106.69181001
34.79918559,-106.72331001
34.86871561,-106.67511001
34.86754277,-106.67227849
34.8608756,-106.72411002
34.8716856,-106.70941001
34.88456561,-106.69091001
34.89231561,-106.68891001
34.90699561,-106.68281001
34.98959553,-108.41721039
34.98842553,-108.4410104
35.0012356,-107.0574101
35.02901559,-107.45631019
35.00220555,-108.02161031
35.04411554,-108.29741037
35.04053555,-108.05931032
35.06897557,-107.91601029
35.07569558,-107.61241023
34.89422551,-108.41091038
34.95473552,-108.40731039
34.95134552,-108.42571039
34.95341555,-107.95211029
34.96000552,-108.42531039
34.97156552,-108.42451039
34.44364554,-106.79361
34.87413055,-106.72247245
34.51373546,-108.31001033
34.85163551,-108.42841038
34.74230558,-106.74631001
34.88773554,-107.90071027
34.69530551,-107.92174026
34.83965553,-107.91161027
34.89094551,-108.40471038
35.08437552,-108.81691048
35.07712552,-108.81051048
35.08056552,-108.78911048
35.07891552,-108.78821048
35.08584552,-108.83111049
35.08064552,-108.83861049
35.08286552,-108.84191049
35.07851551,-108.85901049
35.08112552,-108.83811049
35.04138551,-108.87451049
35.07138551,-108.84191049
35.06578551,-108.84331049
35.05929551,-108.86151049
35.07061552,-108.83001048
35.06324551,-108.85301049
35.06561551,-108.84531049
35.07067551,-108.84491049
34.9185655,-108.74621045
34.89003548,-109.02751051
34.91105548,-108.9843105
34.93082549,-108.9571105
34.9822555,-108.9248105
35.01902551,-108.86791049
35.03139551,-108.89391049
34.11174546,-107.32261009
33.69511539,-107.47071009
33.68859539,-107.44501008
33.7937154,-107.5156101
33.88095541,-107.52041011
33.88162546,-106.60550991
33.94278542,-107.55911012
34.00894545,-107.17841005
33.93817544,-107.15251004
34.02584546,-107.04251002
33.57030537,-107.44181007
33.57615537,-107.40431006
33.52769538,-107.08980999
33.54067683,-107.51118422
33.57556537,-107.40351006
33.59372539,-107.04710999
33.6116654,-107.03340999
33.67491539,-107.33321006
34.01189539,-108.30351029
34.02406239,-108.30791529
34.03723539,-108.31051029
34.04935539,-108.38051031
34.0829454,-108.29411029
34.07956538,-108.62111036
34.05959538,-108.65151037
34.08323538,-108.60341036
34.08131539,-108.46841033
33.66558532,-108.68481034
33.79652534,-108.68191035
33.72053532,-108.77541037
33.83603538,-107.98021021
33.8510554,-107.56921012
33.87483536,-108.55111033
33.93611537,-108.51701033
33.4830853,-108.58971031
33.48334529,-108.63341032
33.5048653,-108.64111032
33.5635653,-108.69901034
33.53036531,-108.5347103
33.51110531,-108.43905628
33.5266053,-108.56391031
33.59559533,-108.19371023
33.83715533,-108.96551041
33.84715533,-108.96161041
33.87622535,-108.77741038
33.72765532,-108.83441038
33.75899532,-108.86491039
33.73434532,-108.77941037
33.77636533,-108.87431039
33.54594529,-108.92781038
33.68707531,-108.85371038
33.65661531,-108.85801038
33.67313831,-108.82204337
33.71599532,-108.82291038
33.36268549,-104.34460937
33.39943553,-103.73080924
33.42081551,-104.10390932
33.37492549,-104.4415094
33.21333547,-104.33190936
33.07073544,-104.44200937
32.99239542,-104.43970937
33.29207547,-104.42390939
33.21329547,-104.14013932
33.27073552,-103.40370915
33.01518546,-103.83570923
33.27276547,-104.36460937
33.36955546,-104.9047095
33.39440548,-104.57910943
33.41018545,-105.28710959
33.44946549,-104.59850944
33.41707544,-105.58120965
33.46151545,-105.49070964
33.42550544,-105.62380966
33.39268548,-104.70090946
33.32544543,-105.49990963
33.32544543,-105.49990963
33.33583543,-105.51530963
33.34259545,-105.12260955
33.32527542,-105.61550966
33.32557543,-105.49970963
33.33593543,-105.51540963
33.37869543,-105.62750966
33.37462547,-104.79670948
32.96608536,-105.60260963
33.0271354,-104.96500949
32.96339536,-105.61140963
33.04829542,-104.71510944
33.32197544,-105.13090955
33.24679542,-105.4091096
33.31153544,-105.28146958
33.25397542,-105.48700962
33.22195541,-105.55050963
33.37845543,-105.62700966
33.37834543,-105.62810966
33.38136543,-105.63460966
33.38227543,-105.63100966
33.41074543,-105.67060967
33.39066543,-105.67180967
33.40717543,-105.69690968
33.37840543,-105.62720966
33.28364541,-105.69440967
33.27904541,-105.69170967
33.29255541,-105.66090966
33.28183541,-105.72130968
33.37838543,-105.62690966
33.34899542,-105.67580967
33.38236543,-105.63100966
33.36750542,-105.71940968
32.98590536,-105.66540964
32.98598536,-105.66560964
32.99202537,-105.66190964
32.98849536,-105.66620964
32.99312537,-105.66190964
33.00042537,-105.66600964
32.99643536,-105.71720966
33.2482154,-105.71970967
32.50102536,-104.08600926
32.44713536,-103.78110918
32.45907536,-103.93410922
32.49624536,-104.09300926
32.48494535,-104.10890926
32.53000538,-103.79920919
32.54166538,-103.76700919
32.6486164,-103.7980652
32.27059533,-103.76630917
32.23830533,-103.72180916
32.11023532,-103.56160911
32.12111531,-103.84500918
32.30972533,-104.08330924
32.33046533,-104.01160923
32.50908535,-104.2856093
32.60916536,-104.41890934
32.54127535,-104.36030932
32.55919535,-104.40680933
32.53050535,-104.39810933
32.64333537,-104.32870932
32.73741538,-104.39540934
32.63139537,-104.33490932
32.92241541,-104.43840936
32.42667534,-104.20060928
32.47935534,-104.30920931
32.48300535,-104.11010926
32.48936536,-104.10260926
32.45685535,-104.14810927
32.47861535,-104.2713093
32.49408534,-104.35950932
32.51467535,-104.38220932
32.50686535,-104.37620932
32.27283531,-104.28780929
32.10827528,-104.42350931
32.2068553,-104.24510927
32.1853253,-104.28400928
32.2174053,-104.22660927
32.24558531,-104.30140929
32.32763533,-104.11670925
32.11185528,-104.44510931
32.41185534,-104.21840928
32.84180534,-105.69410964
32.84357539,-104.56220939
32.89302535,-105.62160963
32.90027536,-105.55580961
32.91323536,-105.54910961
32.92307536,-105.62980963
32.92352536,-105.46410959
32.91244536,-105.54310961
32.92319536,-105.63370963
32.58253533,-105.10380949
32.64071531,-105.71060963
32.71540532,-105.69270963
32.64787531,-105.69840963
32.79574534,-105.58060961
32.82852539,-104.6284094
32.82750538,-104.69420942
32.83307534,-105.72130965
32.84437534,-105.62110962
32.05083527,-104.46350931
32.13926526,-104.8211094
32.2485153,-104.46070933
32.16043527,-104.76050939
32.05693525,-104.77990939
32.25841529,-104.68850938
32.32625531,-104.58980936
33.43405543,-105.72390969
33.40155543,-105.73850969
33.40096543,-105.73650969
33.42696543,-105.73440969
33.41914543,-105.73290969
33.42745543,-105.73490969
33.40522543,-105.73830969
33.40187543,-105.73690969
33.42006543,-105.70400968
33.39433543,-105.72650968
33.2540254,-105.71720967
33.36753542,-105.71980968
33.26947541,-105.72790968
33.39371543,-105.72510968
33.2461954,-105.72350967
33.39297543,-105.72380968
33.40080543,-105.73690969
33.2548754,-105.72790968
33.39357543,-105.72520968
33.46200544,-105.7768097
33.46574543,-105.79570971
33.46558543,-105.79730971
33.46479543,-105.80070971
33.46575543,-105.79720971
33.46088544,-105.7659097
33.46558543,-105.79720971
33.46443544,-105.7742097
33.46357544,-105.7751097
33.40847543,-105.74490969
33.43773533,-107.82681014
33.46619544,-105.7823097
33.46355544,-105.7722097
33.46733544,-105.7873097
33.46592543,-105.7914097
33.46653544,-105.7892097
33.46399543,-105.80130971
33.46523543,-105.79900971
33.2720854,-105.8231097
33.37540532,-107.85511015
33.32634531,-107.86351014
33.37933542,-105.74370969
33.39947543,-105.73500969
33.40537543,-105.73910969
33.40299543,-105.73780969
33.42001543,-105.73330969
33.42000543,-105.75290969
33.3965353,-108.22861023
33.3885853,-108.22501023
33.38975528,-108.60211031
33.42139529,-108.52371029
33.44181529,-108.63051032
33.45654173,-108.9272086
33.43620529,-108.49711029
33.44869529,-108.65091032
33.35867526,-108.91901037
33.37669529,-108.47381028
33.38275528,-108.5894103
33.40203528,-108.65131032
33.38501628,-108.5891123
33.37503528,-108.5722103
33.39490528,-108.63131031
33.39114532,-107.88661015
33.34475526,-108.91551037
33.25051525,-108.86721035
33.24198528,-108.23209722
33.33234531,-107.96661017
33.27371126,-108.75014433
33.3168153,-108.08341019
33.31688529,-108.18351021
33.31461527,-108.56191029
33.1930754,-105.70360967
32.99586536,-105.72250966
32.98609536,-105.73300966
33.00158536,-105.71860966
33.11715538,-105.72460967
33.16249539,-105.74110967
33.17709539,-105.73230967
33.16503539,-105.74170967
33.19300539,-105.71970967
33.2191554,-105.73730968
32.93588535,-105.73910966
32.94395535,-105.72692665
32.95778536,-105.71760965
32.97889536,-105.72980966
32.97527536,-105.73700966
32.97463536,-105.73810966
32.97515536,-105.73590966
32.97318536,-105.73670966
32.99596536,-105.73910966
32.98217536,-105.77100967
33.00199536,-105.74780966
33.15512539,-105.79540968
33.15538539,-105.79880968
33.16659539,-105.80420969
33.16550539,-105.81280969
33.16537539,-105.75890968
33.2394554,-105.72670967
32.97500536,-105.73810966
32.97512536,-105.73820966
32.97319536,-105.73630966
32.98219536,-105.73330966
32.98672499,-105.75831891
32.98404536,-105.75650966
32.97475536,-105.73810966
32.98987536,-105.75090966
32.98613536,-105.75800966
32.97448536,-105.76080966
32.93622535,-105.73860966
32.97365536,-105.74830966
32.98046536,-105.73340966
32.97548536,-105.74370966
32.90736535,-105.75420966
32.96066536,-105.74450966
32.93653535,-105.77280966
32.93608535,-105.76490966
33.16621539,-105.81020969
33.22002527,-108.24141022
33.21891527,-108.27721022
33.18544529,-107.83731013
33.22717525,-108.83771034
33.1917553,-107.6841101
32.99812524,-108.20851019
33.04334523,-108.53171027
33.02480525,-108.2066102
33.01062225,-108.07970017
33.18329526,-108.33341023
33.03989523,-108.53291027
32.94132523,-108.19421019
32.92306523,-108.17761018
32.92887523,-108.20321019
32.93306024,-108.06412716
32.94436522,-108.49371025
32.95445523,-108.27321021
32.91167535,-105.74950966
32.83199534,-105.72290965
32.83130534,-105.72420965
32.83746534,-105.71280964
32.83065534,-105.73600965
32.85674534,-105.75560965
32.83144534,-105.72290965
32.88980535,-105.70170964
32.90701535,-105.75890966
32.90714535,-105.74950966
32.76031532,-105.75850965
32.75940532,-105.74640965
32.71574532,-105.73170964
32.68559531,-105.70950963
32.77077532,-105.76940965
32.77650533,-105.77250965
32.75179532,-105.78450965
32.76706532,-105.76690965
32.77644533,-105.76740965
32.90434535,-105.76990966
32.87460534,-105.78960966
32.90287535,-105.77120966
32.88929534,-105.81030967
32.87595534,-105.79960967
32.86809534,-105.77550966
32.43718524,-106.51140979
32.50018521,-107.18350994
32.79176533,-105.79030966
32.84225533,-105.83180967
32.34194517,-107.64371003
32.43769524,-106.50170979
32.36667522,-106.70000983
32.43803324,-106.49639879
32.10328518,-106.6593098
32.19995517,-107.0716099
32.24386519,-106.81840985
32.79742521,-108.33061021
32.85010522,-108.2835102
32.82657522,-108.13661017
32.90564521,-108.59911027
32.92291523,-108.17751018
32.91737525,-107.82931011
32.90358523,-108.2545102
31.95484506,-108.74761024
32.58354517,-108.43331021
32.64077519,-108.10631015
32.78638521,-108.26691019
32.62520518,-108.41931021
31.73078502,-108.90241026
31.75032501,-109.00641028
31.562645,-108.61471019
31.80029397,-107.75571002