39.45472222,-119.85388889
38.61722222,-119
36.26611111,-115.66277778
41.84916667,-115.45111111
39.40194444,-114.63666667
36.26722222,-115.56722222
40.26777778,-115.59583333
39.475,-114.62333333
39.10277778,-119.80888889
41.82194444,-116.09694444
38.76055556,-116.39472222
36.35833333,-115.65444444
36.35,-115.63333333
38.69027778,-117.25027778
38.97555556,-119.83888889
36.18222222,-115.72083333
40.17611111,-115.49416667
36.3175,-115.68111111
38.67333333,-117.22944444
38.7,-119.36666667
36.2675,-115.66666667
38.96138889,-117.73805556
40.48305556,-115.54638889
36.24305556,-115.7025
36.33416667,-115.63472222
39.2525,-114.28055556
39.59361111,-119.86638889
39.60527778,-119.89277778
36.30611111,-115.64111111
38.97222222,-119.93083333
39.00972222,-119.9475
39.10083333,-114.71083333
36.23361111,-115.6475
38.7,-119.35
36.29416667,-115.69111111
38.94194444,-119.89388889
36.26666667,-115.51694444
38.63972222,-119.38472222
40.06638889,-115.64583333
39.77555556,-114.67972222
36.27083333,-115.65861111
38.97222222,-119.93083333
39.48694444,-117.07194444
36.25055556,-115.61805556
38.44194444,-119.11972222
36.18138889,-115.71472222
39.5525,-119.88055556
35.12,-114.6408
41.0347,-119.68538
41.77896,-119.58485
41.79621,-119.58802
41.93574,-119.64822
41.090733,-119.964383
41.07162,-119.97387
41.088067,-119.958183
40.903533,-119.88159
39.9028,-119.5285
39.8465,-119.4537
39.0423,-119.693
39.3108,-119.646
39.95459,-119.59929
39.847,-119.455
39.867092,-119.484107
39.878593,-119.502707
39.6725,-119.7285
39.99411,-119.61957
39.8622,-119.8335
39.67644,-119.71202
40.04383,-119.66624
39.89763,-119.52437
39.65626,-119.29035
39.62696,-119.78685
39.62799,-119.77669
39.87946,-119.50365
39.7852,-119.3602
39.72629,-119.36729
39.9583,-119.9625
39.8568,-119.3942
39.7405,-119.91
40.10971,-119.85499
39.33188,-118.92717
39.6145,-119.7582
39.20674,-119.2182
39.764,-119.7657
39.64119,-119.56717
39.63809,-119.54247
39.94019,-119.88759
39.53804,-119.98455
39.72218,-119.83867
39.33171,-119.7518
39.31896,-119.57919
39.82874,-119.35524
39.726,-119.969
39.6728,-119.9738
38.99656,-119.52759
37.0308,-116.7553
38.6481,-116.858
40.3667,-116.6108
40.3297,-117.0664
39.6778,-115.883
39.8481,-116.828
40.3797,-116.9528
40.5167,-117.0936
40.1255,-116.1108
40.37,-116.9539
40.1136,-117.4136
40.2364,-117.3717
39.8211,-115.8505
40.5764,-116.8558
39.51,-116.0514
40.568,-116.8611
40.567525,-116.865085
40.5817,-116.9025
40.5817,-116.9033
40.5817,-116.9039
40.5817,-116.9053
40.5817,-116.9119
40.581714,-116.915621
40.5817,-116.9203
38.6675,-115.4875
40.0905,-116.7294
40.1847,-117.0997
39.6017,-115.8772
40.1344,-117.2614
40.1325,-117.2255
40.5569,-116.6747
40.3689,-116.975
40.0653,-116.2053
38.2539,-115.6094
40.6378,-116.9497
39.2083,-116.078
39.2086,-116.0783
39.91565,-119.57342
39.8748,-119.49255
39.69907,-119.7437
39.62592,-119.78713
39.62945,-119.27712
39.78571,-119.68102
39.30369,-117.87459
39.30319,-119.44849
38.89059,-119.59139
39.63894,-119.28954
39.21638,-119.48832
40.19689,-119.84202
39.582661,-119.755437
39.67846,-119.9899
39.39663,-117.84945
39.91613,-119.55419
40.09178,-119.99447
39.9478,-119.819
39.66591,-119.77559
40.09281,-119.99619
40.09163,-119.99607
39.80534,-119.93375
39.139,-119.7037
39.68661,-119.83514
39.54309,-119.23409
39.54279,-119.23569
39.31019,-119.59979
39.80683,-119.35232
39.53363,-119.9005
39.6322,-119.2808
39.20429,-119.57179
39.87891,-119.50374
39.60444,-119.7825
39.85838,-119.47529
39.6203,-119.774
39.6297,-119.291
39.23199,-119.59319
39.95209,-119.58645
39.89931,-119.52619
39.8835,-119.5003
39.8993,-119.5258
39.8992,-119.526
39.8993,-119.5262
39.096575,-119.47209
39.4531,-117.9394
39.0439,-119.4605
39.1964,-119.4244
39.4869,-119.9936
39.6411,-119.2983
39.6414,-119.2983
38.6911,-118.7692
39.7492,-118.205
39.5856,-119.2111
40.0922,-119.9953
38.7694,-119.5364
39.6833,-119.9767
39.5547,-119.6719
40.0914,-119.9955
39.8947,-119.5817
39.6736,-119.7008
40.0925,-119.9953
39.7431,-119.6753
38.8439,-119.653
39.1819,-119.5867
39.0039,-119.5889
38.9547,-119.5803
39.0686,-119.4539
39.7,-119.7342
39.8197,-119.9683
39.6344,-119.7858
39.5664,-119.7322
39.4181,-119.115
39.5803,-119.7625
39.6567,-119.7808
41.9475,-116.1506
42.075,-116.1322
41.922844,-116.111608
42.0172,-116.1467
41.8881,-116.3236
41.921783,-116.105247
40.9355,-116.9514
41.1333,-114.8167
41.7919,-114.5878
40.6639,-116.4453
40.2153,-116.1744
40.2228,-116.1675
40.2225,-116.1678
40.2142,-116.1753
40.6555,-116.9547
41.0944,-114.1053
40.9289,-115.718
40.8533,-116.9394
41.0705,-115.3239
40.5464,-116.5225
40.8892,-116.7586
41.1517,-116.3936
40.8055,-115.6669
41.2417,-115.9547
40.6594,-116.7436
41.3025,-115.2517
40.7805,-115.6433
41.0922,-114.7
40.1344,-116.4403
40.6625,-115.9186
40.585,-116.0283
40.8211,-116.1339
41.7825,-116.3997
40.5175,-116.0997
40.5489,-116.1125
40.8105,-116.0697
41.165,-116.808
41.7714,-116.3833
41.2572,-116.1003
41.1511,-114.753
40.5811,-115.9669
40.5072,-116.0014
40.6714,-114.3075
40.5661,-116.2689
40.8447,-114.2103
40.5317,-116.2686
40.7083,-115.585
41.7442,-114.6503
41.0547,-114.9686
40.3119,-115.6189
41.6339,-114.1872
41.9372,-114.1664
40.583,-114.9942
41.9136,-114.17
41.1811,-114.0497
40.7308,-114.5614
40.195,-114.6611
40.583,-114.9942
40.5542,-115.0061
41.0117,-114.0575
41.4564,-114.2564
40.6519,-116.7225
40.6983,-116.7894
41.1008,-116.8064
40.8417,-115.7372
40.1792,-114.4283
40.8825,-116.9219
40.8539,-114.6258
40.9639,-116.1289
40.8919,-116.9111
41.0961,-115.1122
41.0403,-115.42
40.8483,-115.7569
40.6775,-116.4719
40.3142,-114.4497
40.6142,-116.5497
41.1183,-115.5214
41.0192,-115.4072
41.38,-114.7608
40.9867,-115.5875
41.1022,-114.3944
40.8797,-115.8855
40.6753,-115.5164
40.9775,-115.4397
40.8783,-115.7717
40.8361,-115.8058
40.7817,-115.8347
41.575,-115.1617
41.5733,-115.2064
40.5508,-115.6875
40.5475,-116.2564
40.39,-115.7528
40.5289,-116.3255
41.5955,-115.505
41.0033,-115.0122
40.688,-116.1797
40.8967,-116.0969
41.5183,-116.3997
38.2247,-114.4828
39.6128,-115.1917
38.0769,-114.1892
39.5,-115.0167
37.8981,-114.358
37.7869,-114.3158
38.0319,-114.5836
38.6936,-114.6522
38.328,-114.4983
37.8442,-115.0258
39.2144,-114.5408
37.6189,-114.5147
38.6997,-114.1319
38.9172,-115.0797
37.5133,-114.2505
37.7928,-114.3886
39.2367,-114.7703
37.5489,-114.4158
38.8525,-115.1433
38.6147,-114.5686
38.3775,-114.2228
38.0489,-114.3714
38.0933,-114.5489
39.2328,-114.8764
37.4181,-114.4253
38.3633,-114.3505
38.5275,-114.6739
37.6461,-114.3769
39.1436,-114.3355
39.5503,-114.763
39.185,-114.7119
40.0258,-115.5164
39.8458,-115.7586
39.8933,-115.7214
39.9622,-114.9294
39.9133,-114.9936
38.0842,-114.1942
37.1331,-114.1725
38.2642,-114.1292
39.0947,-114.5644
39.8861,-115.2397
39.5061,-114.9867
37.21,-114.8719
37.7925,-114.2594
39.5214,-114.3467
38.508,-114.7192
37.9856,-114.32
38.6969,-114.7533
38.3242,-114.0836
38.8589,-114.668
38.1203,-114.1242
37.9375,-114.4575
37.6192,-114.6503
38.2697,-114.5711
38.9336,-114.2772
38.8425,-114.6628
37.1914,-115.0328
38.8303,-114.7975
39.0578,-114.8889
39.0714,-115.2194
39.1228,-115.0455
39.4042,-114.8764
38.205,-114.5217
39.4194,-115.0992
39.428,-115.1683
39.2264,-114.6817
39.3378,-114.8053
39.7311,-115.33
38.9092,-115.0583
39.1669,-114.8147
37.4689,-114.9897
37.4147,-114.24
38.9208,-114.2444
35.45383,-114.67877
35.329561,-114.602222
35.85263,-114.59199
36.1097,-114.8883
35.97983,-114.67289
36.4503,-114.9564
36.5756,-115.9164
36.7944,-114.0792
36.0944,-115.0194
36.1739,-115.0114
35.965,-114.9778
36.3978,-115.3936
36.5039,-115.5183
36.4953,-115.7542
36.3283,-114.9525
36.1461,-115.0058
36.145,-115.3769
36.3614,-114.9028
36.7997,-114.1122
36.0803,-114.9839
35.8828,-115.2339
36.1397,-115.3922
36.2078,-114.9006
36.6731,-114.5828
36.1986,-115.0061
36.2028,-114.995
36.2639,-115.3456
36.2639,-115.3456
36.0456,-115.2969
36.1114,-115.4492
35.8928,-115.2119
36.6408,-114.4958
36.1397,-115.3911
36.1644,-114.2761
36.4711,-114.8194
36.135,-115.3972
36.1953,-114.9286
36.1136,-115.9694
36.4886,-115.6161
35.8275,-115.2431
35.9056,-115.2061
36.0628,-115.11
36.3114,-115.1042
36.5239,-114.7317
35.0908,-114.6381
36.1094,-115.0097
36.5617,-115.6822
36.44196,-115.41888
36.45549,-115.43099
40.51383,-118.290587
41.667228,-117.777887
41.547794,-117.810204
40.253294,-118.378087
40.07299,-118.635387
40.427278,-118.292287
40.9378,-118.0289
41.1856,-118.5205
40.8847,-117.8772
39.9892,-118.683
40.6139,-118.0622
40.5375,-118.0533
40.4653,-118.0722
40.5475,-118.0514
40.62,-118.2347
40.7856,-118.0108
40.9436,-117.4803
40.9078,-117.3233
40.6964,-117.368
40.8825,-117.823
40.502914,-118.281657
41.163,-117.568
40.9194,-117.7542
40.8842,-119.5303
41.9489,-117.6903
40.648,-117.3253
40.7194,-117.8228
41.041044,-117.48234
40.4839,-117.4342
40.4758,-117.3878
41.4842,-117.8228
40.5755,-117.5117
41.5472,-117.8297
41.6408,-117.7997
40.8828,-117.6997
41.5458,-117.8272
41.5575,-117.763
40.9944,-117.735
41.6055,-117.8083
41.6922,-117.7789
41.7064,-117.7842
41.6147,-117.7555
41.9739,-117.6178
40.5019,-119.285
40.898878,-117.314051
40.8464,-119.6753
41.9564,-117.6736
41.973,-117.618
41.9736,-117.6183
41.9725,-117.6222
40.6422,-117.5869
41.9683,-117.6372
40.4689,-118.2775
41.6255,-117.783
41.9533,-117.6786
40.9167,-117.3444
40.7803,-119.3717
40.5381,-119.49
41.241792,-118.414523
41.4486,-117.3375
40.7658,-117.2183
40.9894,-119.4578
41.8186,-118.4708
41.1603,-118.5683
40.4861,-119.535
41.1586,-117.02
41.2105,-117.0722
40.479345,-119.581973
40.9117,-117.633
41.223,-117.855
41.9444,-119.7017
41.8267,-118.5783
41.9369,-117.7205
40.7114,-117.025
40.7267,-119.3119
40.5372,-119.338
40.5506,-119.3389
39.9606,-119.3839
40.5461,-119.3386
40.5411,-119.3383
40.5425,-119.3386
40.5439,-119.3386
41.9564,-117.7089
41.4447,-117.5453
40.8705,-117.683
41.0289,-117.5219
40.9611,-117.9367
40.7903,-118.9664
41.0761,-117.9664
41.1344,-117.9733
41.123,-117.9772
41.2244,-117.3719
40.0658,-118.6464
40.2736,-118.2025
40.9205,-117.6503
40.4153,-118.2953
41.2497,-117.1347
40.9555,-117.9569
40.9572,-117.9067
40.9555,-117.9089
40.9603,-117.9025
40.96,-117.9028
40.96,-117.9028
40.665,-118.1203
40.08,-118.6228
41.1786,-117.6789
40.1875,-117.68
40.3678,-118.3061
41.0225,-117.6017
40.9905,-117.6803
41.715,-117.7742
36.398483,-115.1797
41.78633495,-119.10471233
36.626722,-115.111892
36.509221,-115.303956
37.293,-115.119167
37.2615408,-115.1148722
41.93338182,-119.28482326
36.8373,-115.2968
36.6289,-115.2876
37.2932,-115.1192
36.6233,-115.1129
36.50783333,-115.30380556
36.50930556,-115.32047222
36.4767,-115.2333
36.455,-115.3516
36.439,-115.3113
36.5034,-115.1493
36.435802,-115.351899
37.2222,-115.081389
36.8,-115.74
36.72243,-115.7636
41.806667,-119.666667
37.264523,-115.123706
41.845744,-119.31113
36.6261,-115.1114
39.810167,-119.688
39.402,-119.190683
39.23529,-119.6696
39.31931,-119.5912
38.8967,-119.61595
39.400283,-119.723417
39.53249,-119.6445
39.03621,-119.8299
39.712167,-119.410667
39.413733,-119.421667
39.62754,-119.7901
39.76437,-117.774
41.290883,-117.678133
39.63016,-119.7824
39.4866,-119.8581
40.932017,-115.660917
39.17,-119.45
39.47557,-119.9965
38.88668,-119.6971
40.091533,-119.9956
40.779633,-115.645433
38.16659,-118.803
39.1384,-119.7021
40.09186,-119.9955
39.36709,-119.7649
39.266667,-114.9
39.84641,-119.9065
39.12149,-119.7202
39.69567,-119.9886
40.38158859,-116.96666265
40.39902259,-116.92849564
40.4447885,-118.12911286
40.4399725,-118.08991285
40.24680553,-117.56461273
40.24706553,-117.56631273
40.24612553,-117.57841274
40.26032221,-117.43434605
40.2688222,-117.51022939
40.27503886,-117.57299607
40.31852258,-117.06981266
39.68050545,-117.86871271
39.7071385,-117.26652961
39.83085553,-117.1022296
39.72503551,-117.2200126
39.83180553,-117.1021956
39.88570545,-118.10411278
40.13335555,-117.13211264
40.12912244,-118.52381288
40.29237247,-118.35321288
40.31711548,-118.20841286
40.35192548,-118.31121288
40.38303848,-118.27667988
40.47440549,-118.28427989
39.84118535,-119.37211299
39.86441533,-119.62751303
39.92971233,-119.63783604
39.96033836,-119.38351301
39.95762241,-118.71076289
39.96092236,-119.38354601
40.03957242,-118.6647799
40.11652244,-118.54289589
39.84537535,-119.34901298
39.82866535,-119.36241298
39.82761334,-119.39898199
39.84573838,-118.93926292
39.83279535,-119.35761298
39.83573535,-119.36171299
39.84679304,-119.3686619
39.86236533,-119.63281303
39.86551532,-119.78721306
39.89347332,-119.81478407
39.93636534,-119.63101304
39.94070534,-119.64131305
39.73591531,-119.72861903
39.7895453,-119.87831306
39.81250531,-119.78751305
39.82900532,-119.75361305
39.82588531,-119.86311307
39.86004533,-119.63131303
39.64931531,-119.67071301
39.70289529,-119.91511306
39.70923982,-119.73214936
39.70121531,-119.74381303
39.70340457,-119.76599752
39.63592234,-119.30700695
39.56192535,-119.0566129
39.59171532,-119.45791297
39.57035535,-119.10561291
39.59528851,-116.96584554
39.57237962,-119.2750106
39.61222547,-117.50851264
39.61696889,-119.30780883
39.64379534,-119.29101295
39.63533867,-119.28651295
39.22835528,-119.51091293
39.20613538,-118.1796127
39.24305531,-119.23711289
39.23082545,-117.32761256
39.33204532,-119.14851288
39.35973031,-119.28603235
39.36588532,-119.17291289
39.3405623,-119.48453639
39.54903532,-119.46341296
39.55669531,-119.55851298
39.56379366,-119.66470446
39.60986754,-119.65051943
39.64328531,-119.66441301
39.58595681,-119.67171508
39.6189753,-119.77361302
39.57151529,-119.75311301
39.58189888,-119.75366697
39.54575531,-119.58991298
39.5205053,-119.62361299
39.51538529,-119.73851301
39.55696531,-119.55751298
39.19610527,-119.57821294
39.22718526,-119.78361298
39.30901529,-119.52221294
39.41738099,-119.74856967
39.47499529,-119.760813
39.47548829,-119.75673
39.59216528,-119.93241305
39.58440528,-119.90181304
39.60573986,-119.9043286
39.59138529,-119.80121303
39.60389529,-119.86321304
39.62125529,-119.92171305
39.6335953,-119.78681303
39.6264053,-119.78541303
39.62500529,-119.92191305
39.35713217,-119.91025201
39.39505563,-119.82328546
39.45630527,-119.87971302
39.55786528,-119.92071304
39.47505528,-119.85411302
39.55715729,-119.85365303
39.57194118,-119.7683577
39.57552528,-119.91261304
39.17303525,-119.90831299
39.19686526,-119.76301297
39.26743426,-119.901024
39.29008527,-119.78721298
39.28191726,-119.85729399
39.29870526,-119.84711299
39.31889426,-119.93334601
39.3283569,-119.869022
38.78878837,-117.8561796
38.86120538,-117.8334126
38.87767525,-119.56301289
38.78315124,-119.55070888
38.89526525,-119.5812129
38.92955525,-119.5453129
39.09512837,-118.18268669
38.67376526,-119.17961281
38.67414524,-119.37061284
38.69272524,-119.37751284
38.70464524,-119.40011285
38.76035524,-119.55211288
38.76885525,-119.43211286
38.69617524,-119.39101284
38.69325524,-119.38961284
39.01897525,-119.66991293
39.03138525,-119.68181293
39.01913525,-119.69921293
39.04717525,-119.70261294
39.06722526,-119.63721293
38.90138824,-119.63059591
38.86788006,-119.67933049
38.92915525,-119.59281291
38.97733766,-119.67903147
38.99047524,-119.75161294
38.98856525,-119.65391292
38.80127523,-119.68981291
38.78976523,-119.6411129
38.77548523,-119.6500129
38.84314573,-119.63930037
39.01497524,-119.83991296
39.08733824,-119.90701298
39.03288524,-119.83141296
39.16020024,-119.93348099
39.13813525,-119.77871296
39.11022525,-119.76971296
38.98050523,-119.93567997
39.90182531,-119.96851309
39.62768529,-119.91781305
39.61972528,-119.98711306
39.67998529,-119.93931306
39.68270529,-119.97881307
39.74142529,-119.96771307
39.63384529,-119.93791305
39.72910572,-119.96217585
39.45250527,-119.96821303
39.30875526,-119.94301301
39.49436873,-120.00233224
39.01551323,-119.95142698
39.17396125,-119.93191499
39.09368224,-119.93153598
38.98181323,-119.95092297
38.97510323,-119.95095997
38.58229533,-118.0378126
38.36235732,-117.96996356
38.50120525,-119.02201276
38.57996533,-118.0388126
38.25918527,-118.50971264
38.23066526,-118.56641265
38.24635527,-118.51781264
37.99397529,-117.8367125
40.85680561,-117.21699576
40.91693861,-117.34521279
41.00213862,-117.28927979
41.10116565,-117.06241277
40.95771562,-117.27811278
40.90863861,-117.32107978
41.12745566,-116.95184575
41.24668865,-117.27259582
41.01968859,-117.72749587
41.97213868,-117.61467999
41.36113562,-117.68881291
41.95842268,-117.669813
41.95767267,-117.72001301
41.33300562,-117.71619592
41.40253864,-117.5512459
41.02323859,-117.72642987
40.92185558,-117.65704584
40.93233859,-117.64117984
40.9795056,-117.51644583
41.01668893,-117.57712951
40.82685557,-117.70221284
40.83645558,-117.66464583
40.85652257,-117.72722985
40.89003858,-117.66671284
40.89452225,-117.66222951
40.92060558,-117.65031284
41.20788859,-117.87942993
41.78117265,-117.74314599
41.56982263,-117.83749597
40.91420557,-117.85051288
40.75320555,-117.93121287
40.80697255,-117.98904589
40.85852222,-117.95142955
40.86167255,-117.94914589
40.88372256,-117.92006289
40.69602253,-118.05442988
40.62145552,-118.08921288
40.6999222,-118.05222955
40.58530551,-118.19046289
40.67547253,-118.05471288
40.75458856,-117.72071283
40.5620225,-118.2746459
40.84433853,-118.20469593
41.28128555,-118.49721304
41.29225555,-118.51421305
41.35923856,-118.38119604
40.9223225,-118.66634602
41.82235558,-118.57849614
41.65045547,-119.72326331
41.80808849,-119.64541332
41.84005547,-119.89834636
40.83913541,-119.66711318
40.80138839,-119.90716321
40.59633871,-119.8398465
40.87925539,-119.92301322
41.09851911,-119.81241836
41.16314092,-119.82645252
41.84225252,-119.99597858
41.95100547,-119.96151339
41.66600545,-119.99364635
40.74992238,-119.96179621
36.79226542,-114.07551169
36.77328542,-114.08331169
36.77224541,-114.1523117
36.54537538,-114.18031169
36.6066054,-114.06221167
36.54073538,-114.17591168
36.7372254,-114.21701171
36.74020541,-114.1713117
36.7735054,-114.27001172
36.68965538,-114.50601176
36.73444539,-114.43581175
36.69513538,-114.49891176
36.7738554,-114.27751173
36.57583537,-114.48581175
36.48511536,-114.44781173
36.41860534,-114.55961174
36.41803534,-114.55231174
36.63828537,-114.48831175
36.30782768,-114.42903527
36.49210534,-114.75441179
36.52257535,-114.71951178
36.55888535,-114.68851178
36.55417535,-114.69611178
36.67701537,-114.66101179
36.74072536,-114.93641185
36.79944536,-114.94601185
36.45279533,-114.8423118
36.44998532,-114.94531182
36.46996533,-114.90041181
36.48388533,-114.93801182
36.46888533,-114.8259118
36.49210534,-114.75441179
36.50077534,-114.75991179
36.34179532,-114.84061179
36.40178532,-114.8603118
36.40208532,-114.8599118
36.2056653,-114.90041179
36.40240532,-114.8726118
36.41533532,-114.8476118
36.44987532,-114.95531182
36.45008532,-114.95471182
36.49089533,-114.95011182
36.98335538,-114.99027888
36.98533838,-114.98667888
36.43924532,-114.97571182
36.43892532,-114.96411182
36.44040532,-114.96411182
36.43950532,-114.97051182
36.44044532,-114.97421182
36.44294532,-114.96931182
36.44907532,-114.95321182
36.45039532,-114.95461182
36.2116153,-114.94331179
36.20950529,-114.9926118
36.31333529,-115.19341185
36.24976529,-115.04041182
36.18574529,-114.91621179
36.09822529,-114.85141177
36.1356753,-114.70471174
36.1581653,-114.81221176
36.2016753,-114.89681178
36.19110531,-114.73421175
36.2022753,-114.89631178
36.2025553,-114.89671178
36.2023753,-114.89651178
36.2034753,-114.91291179
36.03720528,-114.80091175
36.20642529,-114.9630118
36.20071529,-114.9944118
36.20039529,-114.9954118
36.20636529,-114.9633118
36.2034353,-114.91301179
36.20123529,-114.9831118
36.20233529,-114.9753118
36.09086528,-114.98641179
36.11861528,-114.98211179
36.12014528,-114.97461179
36.18422529,-114.92311179
36.18387529,-114.92371179
36.20188529,-114.9663118
36.07656528,-114.98441179
36.00945527,-114.91731177
36.08746528,-114.98271179
36.04894528,-114.92431178
36.04570528,-114.91791177
36.01009527,-114.91851177
36.08756528,-115.00271179
36.10249528,-115.0225118
36.11014528,-115.0259118
36.10577528,-115.0035118
36.15176528,-115.0269118
36.20547529,-114.9950118
36.06222527,-115.09881181
36.08897528,-115.0137118
36.08643528,-115.00901179
36.10310528,-114.99841179
35.92422526,-114.95461177
35.93525526,-114.96861177
35.97873527,-114.96521178
35.87643527,-114.73131172
35.75299526,-114.71641171
35.41271522,-114.67561167
35.78717525,-114.93631175
35.53823522,-114.90591172
35.91423525,-115.18841181
35.90564524,-115.20611181
35.91211524,-115.19911181
35.94240525,-115.20631182
35.90218524,-115.19971181
35.90503524,-115.20131181
35.91647525,-115.17871181
35.87839524,-115.21291181
35.87817524,-115.21231181
35.88089524,-115.20771181
35.88103524,-115.19861181
35.91217524,-115.19471181
35.90284524,-115.20721181
35.90491524,-115.20111181
35.87814524,-115.20221181
35.80883523,-115.1921118
35.87938524,-115.21251181
35.87959524,-115.21241181
35.82914523,-115.1956118
35.87703524,-115.20921181
35.87680524,-115.20541181
35.87582524,-115.20411181
36.29533528,-115.35781188
36.24247527,-115.31791187
36.26413528,-115.34521187
36.27068528,-115.34141187
36.26329528,-115.34651187
36.27715528,-115.34081187
36.26984528,-115.34271187
36.26477527,-115.35701188
36.44074529,-115.4212119
36.49369528,-115.64131195
36.51334529,-115.56241194
36.51749529,-115.59981194
36.49339528,-115.64061195
36.49620528,-115.62971195
36.27322526,-115.58261192
36.27088528,-115.35811188
36.30576526,-115.61821193
36.31167526,-115.59941192
36.42553348,-115.42012464
36.44098529,-115.4214119
36.23503527,-115.45331189
36.25696525,-115.65241193
36.26194526,-115.65201193
36.25864527,-115.40591188
36.26143526,-115.61151192
37.01000531,-116.08001208
37.06670529,-116.48791216
36.57653529,-115.66761196
36.56660523,-116.55951212
36.34545525,-115.83031197
36.38731526,-115.85751198
36.38325526,-115.73821196
36.39527526,-115.79831197
36.45953528,-115.67801195
36.47167528,-115.67781195
36.45747528,-115.67811195
36.26574526,-115.65811193
36.24900523,-116.065912
36.25763525,-115.75741195
36.27638525,-115.72701194
36.27144526,-115.66991193
36.32385526,-115.66611194
36.32953526,-115.67791194
36.05817525,-115.35661186
36.13194526,-115.35291186
36.20787527,-115.34811187
36.13765526,-115.40661187
36.20574527,-115.35011187
36.16629526,-115.37941187
35.98350525,-115.26151183
35.91183524,-115.20231181
35.97832525,-115.29471184
36.12858525,-115.47331188
36.11824525,-115.54121189
36.13977526,-115.39211187
36.16351526,-115.40991188
36.18504526,-115.42791188
36.01693524,-115.50031188
36.02350524,-115.53601188
36.02287524,-115.51811188
36.06418525,-115.44011187
36.10173525,-115.46451188
36.12715525,-115.43021188
35.98860524,-115.44271186
35.94497523,-115.44551186
35.99432524,-115.45771187
36.01361524,-115.49961188
36.00565524,-115.42531186
36.02200523,-115.58471189
36.02113523,-115.55971189
36.17701523,-115.94561197
36.18888524,-115.69541193
36.21500524,-115.74101194
36.21656525,-115.73251194
36.21946525,-115.72771194
36.22600522,-116.076412
36.21675523,-116.03141199
36.01659523,-115.59221189
36.01749523,-115.59391189
36.14345522,-115.97361198
36.12210522,-115.99461198
36.03313523,-115.70271192
36.15555523,-115.89701196
36.16368523,-115.93041197
35.99250523,-115.60341189
36.01231523,-115.58821189
35.99960523,-115.59851189
35.99889523,-115.59721189
35.99264523,-115.60431189
36.01760523,-115.59321189
36.02083523,-115.59081189
36.00714523,-115.59401189
35.87991524,-115.21351181
35.88664524,-115.22501181
35.88216524,-115.21721181
35.88322524,-115.22101181
35.88137524,-115.21641181
35.88042524,-115.21661181
35.88190524,-115.21641181
35.88198524,-115.21741181
35.87859524,-115.21281181
35.86330524,-115.23411181
35.86333524,-115.23491181
35.86599524,-115.22071181
35.87138524,-115.21651181
35.87994524,-115.21431181
35.87949524,-115.21551181
35.87959524,-115.21241181
35.87638524,-115.22751181
35.88146524,-115.21641181
35.87610524,-115.22691181
35.88496524,-115.22411181
35.88322524,-115.22101181
35.88324524,-115.22241181
35.88175524,-115.22051181
35.89294524,-115.21411181
35.82473522,-115.47321185
35.81367522,-115.38041184
35.80433521,-115.46751185
35.82183523,-115.29001182
35.87917524,-115.21561181
35.87949524,-115.21631181
35.82512522,-115.47861186
35.2487852,-114.67811166
35.18820519,-114.68341165
35.11827518,-114.63921164
35.01346517,-114.64471163
35.03989517,-114.64541163
35.06934518,-114.62671163
35.04490517,-114.64131163
41.93050598,-114.08234533
41.08093889,-114.09024521
41.24563891,-114.06104523
41.1621589,-114.04621221
41.46733893,-114.05234526
41.35083887,-114.69667936
41.46402591,-114.2898123
41.67839589,-114.82881244
41.01865587,-114.29986224
41.04967288,-114.20517923
41.23037586,-114.67491234
41.22850589,-114.25467926
41.2445619,-114.15942925
41.2371559,-114.22151226
41.23283889,-114.24617926
41.32527286,-114.74064537
41.3047889,-114.28614528
40.95442286,-114.34361224
40.89495086,-114.26565922
40.94455586,-114.36111224
40.97467284,-114.6155123
41.05200588,-114.23851223
40.98167285,-114.41909526
40.97203385,-114.40565126
40.96372787,-114.24148422
41.05225588,-114.23412923
41.40617285,-114.99184543
41.90906591,-114.91361249
41.7718389,-114.87717946
41.64439586,-115.1733125
40.99975782,-114.90319935
41.06970579,-115.29964544
40.9467558,-115.04454537
40.85875577,-115.28411241
41.09845583,-114.84776236
41.01853579,-115.23181242
41.13403882,-115.09076241
41.10812281,-115.15397942
41.0858658,-115.20001242
40.99395577,-115.53271247
41.07140579,-115.31374544
41.4682058,-115.63181256
41.19637278,-115.57479551
41.16390577,-115.63471251
41.95776585,-115.67461264
40.83994573,-115.73911249
40.87674574,-115.7664125
40.96137777,-115.46204245
40.88008873,-115.7823955
40.90791574,-115.69381249
40.93022275,-115.66441249
40.95525576,-115.61166248
40.97077276,-115.61294548
40.97627276,-115.57289548
40.83253573,-115.74041249
40.82917273,-115.71973448
41.39063072,-116.55351272
40.85582273,-115.84174551
40.84358173,-115.7950515
40.87230573,-115.82101251
40.92528373,-115.87445652
40.83608869,-116.27022958
40.83372573,-115.7935125
40.77070586,-114.10337917
40.75722774,-115.58806845
40.76650573,-115.68226247
40.80760585,-114.2317622
40.79383886,-114.16189518
40.79912273,-115.68264547
40.78980579,-115.03306235
40.78933873,-115.67214547
40.73458573,-115.65451246
40.72667274,-115.51171243
40.75347274,-115.55624544
40.74217274,-115.55784544
40.75005173,-115.69626847
40.73920572,-115.72837947
40.75172282,-114.60161226
40.74080574,-115.58889545
40.52199776,-115.00829731
40.54233873,-115.43101239
40.59699574,-115.37757239
40.70083905,-115.73001247
40.64184784,-114.15352916
40.60781583,-114.18871216
40.69112272,-115.69771246
40.69683874,-115.48084542
40.72085573,-115.58842944
40.81018573,-115.78421249
40.80843872,-115.8519795
40.81798573,-115.77471249
40.68962264,-116.76447965
40.80439572,-115.8488125
40.69676765,-116.53794561
40.71845569,-116.12062954
40.75957271,-115.93299551
40.80741373,-115.78810149
40.79200563,-116.91626269
40.56265563,-116.65131262
40.61750571,-115.74881246
40.57369566,-116.34751256
40.58830568,-116.15551253
40.4935887,-115.78462945
40.66290566,-116.41911259
40.66608864,-116.72776264
40.69453864,-116.72687965
40.67323564,-116.66401263
40.29863881,-114.04784509
40.18433879,-114.1356291
40.20978879,-114.18568911
40.29641877,-114.56264219
40.29822276,-114.77022923
40.43041582,-114.18431214
40.46688576,-114.88451228
40.36440577,-114.63331222
40.34508882,-114.0597121
39.93433874,-114.44551212
39.93433874,-114.44451212
39.91822272,-114.71634517
39.94278873,-114.63546216
40.00733875,-114.41101213
40.03217276,-114.40984513
40.03955575,-114.50421215
40.06147276,-114.41534513
39.76033872,-114.49784511
39.75500573,-114.32467908
39.79433868,-115.02984521
39.54580567,-114.93351216
39.8461727,-114.88567919
39.87417269,-115.01817922
39.89980572,-114.73467917
40.3153667,-115.49098437
40.32988869,-115.6465294
40.45564571,-115.58561241
40.35150561,-116.62421258
40.35010565,-116.1933955
40.35250561,-116.62401258
40.42049562,-116.58881258
39.8419386,-116.19444544
39.8725056,-116.16651243
39.90603859,-116.41216248
39.90367267,-115.4155123
39.93452256,-116.80779556
40.00608864,-115.8767624
40.02267267,-115.52309534
39.57423858,-116.10732938
39.56185558,-116.01786237
39.64908859,-116.03234538
39.65255559,-116.03371238
39.65443559,-116.03461238
39.68268864,-115.51872929
39.72183865,-115.33134526
39.73333864,-115.5421793
39.00583866,-114.21901196
39.03833866,-114.32751199
39.40717267,-114.7043791
39.43217268,-114.54851208
39.46717269,-114.56667909
39.53795568,-114.66756211
39.51000568,-114.66222878
39.34017267,-114.52967906
39.12817264,-114.71279507
38.99600563,-114.56134503
39.20503866,-114.49756204
39.26417267,-114.42624503
39.17093667,-114.40031202
39.37340565,-114.91539514
39.40347258,-115.91697933
39.37550564,-114.97107915
39.41833865,-114.93267915
39.51560555,-116.40316243
39.51617263,-115.34001224
39.50760555,-116.44901244
39.35675564,-114.94772914
39.16583862,-115.05151214
38.95333858,-115.18029514
39.14275561,-115.09046214
39.12083861,-115.07084514
39.16667262,-115.03334514
39.23378864,-114.89284512
39.18745549,-116.78631246
38.21346558,-114.12281185
37.88938854,-114.11071181
37.87680555,-114.0648788
37.88700554,-114.12634482
38.20450555,-114.55334493
38.22633855,-114.59334494
38.25312255,-114.63536195
38.30533858,-114.28184489
38.33467259,-114.22751189
38.34013859,-114.23501189
38.40498857,-114.62944497
38.03112254,-114.40272888
38.17033854,-114.59167894
38.16767254,-114.59484494
38.16400554,-114.61784494
38.17433855,-114.49501192
38.19283855,-114.56517893
38.18555557,-114.17549486
38.19967255,-114.52301193
38.20005555,-114.58081194
37.91583852,-114.47762889
37.96250552,-114.5023449
37.95783853,-114.49184489
37.97995553,-114.5104619
37.96867253,-114.38217887
37.97767252,-114.60521192
38.71147257,-115.04964508
38.73000554,-115.43001216
38.83267259,-114.98834509
38.86642257,-115.23656214
38.31639456,-114.62445596
38.49323857,-114.64786198
38.49495557,-114.64792898
38.58012256,-115.02829506
38.64978856,-115.06429508
37.90567248,-114.99784498
37.91727241,-116.04226217
38.3208885,-115.35151209
38.23273842,-116.33752926
38.23273842,-116.33752926
38.16522241,-116.44942927
38.3262225,-115.34706209
37.76690553,-114.06051179
37.78452252,-114.24501183
37.87787254,-114.20331183
37.86667253,-114.24067884
37.88200554,-114.09134481
37.75150553,-114.08306179
37.75383853,-114.06981179
37.5318055,-114.21627879
37.71833851,-114.28476183
37.72698851,-114.29617883
37.72075551,-114.28376183
37.85417251,-114.51534489
37.72910551,-114.27141183
37.71833851,-114.28476183
37.72373851,-114.29002883
37.76200552,-114.25534483
37.46669844,-114.99447893
37.60705548,-114.51859486
37.60750549,-114.48799485
37.64400551,-114.24684481
37.71077251,-114.27502882
37.34306141,-115.11667894
37.31000543,-114.83317889
37.36167245,-114.60381185
37.33068845,-114.51262883
37.1203253,-116.47601216
37.16250543,-114.61034483