41.51055556,-79.11472222
41.82472222,-78.98083333
41.81861111,-79.08666667
41.1494,-74.9567
41.221653,-74.877254
41.2311,-74.8844
41.01885,-75.07417
41.1689,-74.8958
39.8058,-77.2569
39.7879,-77.2469
39.8348,-77.2564
40.2174,-75.7632
40.087228,-75.446542
40.86742,-75.281878
40.96561111,-75.17083889
41.37744,-79.6987
40.99199,-78.8138
41.27356,-76.682
41.04278,-80.2767
40.5301,-79.5301
41.09331,-80.3252
40.97261,-80.3695
41.32976,-77.7785
40.69999,-79.7065
41.09042,-76.0141
41.13887,-76.1373
39.9258,-79.6625
41.17914,-76.0527
41.3153,-75.7156
40.72111,-78.0211
40.5095,-78.425
41.9427,-79.5827
39.90286,-76.3254
40.95817,-80.2318
40.8116,-75.6873
40.625,-76.1903
40.7863,-76.5482
40.61535,-76.107
40.25694,-76.2275
40.91195,-75.591
40.30308,-77.126
40.78215,-75.7288
40.82678,-75.6624
40.2511,-79.2486
41.1092,-75.2369
40.8297,-78.789
41.08473,-80.0743
41.09118,-78.0721
40.75618,-79.7344
40.75935,-79.511
41.25485,-75.9458
41.17361,-75.962
40.3588,-79.2516
41.0924,-75.813
41.26467,-75.785
41.18528,-75.7213
41.16251,-76.9777
41.13082,-76.9499
40.4385,-78.9801
40.67,-78.7025
41.3186,-78.0969
41.75153,-80.0407
40.54331,-79.3587
41.49236,-79.6222
40.60279,-75.2943
40.98046,-75.5425
41.52506,-77.4495
41.9827,-77.3426
39.87574,-77.1329
40.69308,-76.2726
40.4145,-77.111
40.45451,-75.7115
40.485,-75.43
40.11074,-75.5376
39.99398,-75.7131
40.38992,-75.9341
40.91145,-75.5906
40.91228,-75.5911
40.3336,-77.5322
40.31555,-77.3974
40.94883,-75.4352
40.3772,-79.4081
40.19948,-79.7424
40.94131,-75.4061
41.96836,-76.4177
41.39472,-76.9577
41.35042,-79.4084
41.91707,-76.4449
41.25891,-76.6977
41.2655,-78.766
40.6742,-79.5608
41.02781,-80.1543
41.0914,-80.335
41.32724,-75.8146
39.9772,-79.6179
41.24731,-75.9509
41.20976,-76.7748
41.5929,-78.8249
41.5508,-78.6731
40.71273,-77.4224
41.9458,-79.7311
41.84583,-79.2301
41.08281,-77.2929
41.55435,-77.2664
40.83384,-75.5735
40.71001,-76.2482
40.7131,-76.5634
40.8227,-75.7536
40.36681,-77.1772
40.53714,-75.3687
40.44019,-75.4694
40.91034,-76.5948
40.78303,-76.3339
40.4847,-76.8441
40.2514,-77.4741
40.87096,-75.3887
40.91952,-78.8896
41.028,-78.7788
40.90151,-78.4381
41.12923,-77.5571
41.45517,-75.7004
41.36312,-76.0593
40.02555,-79.5999
39.74423,-79.3289
40.37429,-79.122
39.76876,-77.2581
40.15251,-75.6903
40.8342,-79.2124
40.8145,-78.8289
40.6414,-78.785
40.435,-79.0265
40.95997,-77.6048
40.47907,-75.7324
40.02246,-77.225
41.74875,-77.068
41.8343,-77.2767
41.79943,-76.931
40.45095,-77.1516
40.4807,-76.5298
40.32526,-77.1464
40.87202,-75.3172
41.02234,-79.1631
40.2486,-79.2511
40.98114,-75.47
41.32473,-74.8667
40.68989,-79.6175
41.23375,-76.7092
40.1933,-78.9892
41.43871,-79.5655
41.0047,-79.9678
41.06745,-76.1016
39.9067,-80.0661
39.9033,-80.1033
41.01851,-75.9365
41.1816,-77.312
40.5669,-75.8814
40.7102,-78.4752
41.51036,-79.783
39.97303,-75.6901
40.02784,-77.3535
40.0111,-77.3678
40.6903,-80.4227
40.83927,-76.0987
41.03343,-75.5935
41.97453,-77.1229
41.56976,-76.9505
40.78095,-76.6904
40.378,-76.3043
40.91181,-75.5908
40.4161,-77.6386
40.2607,-76.3777
41.38009,-79.6211
40.95907,-78.9235
41.0213,-80.1813
40.94821,-80.5182
40.9792,-78.5322
41.0687,-78.4611
41.27249,-79.4993
41.4517,-75.5658
40.66597,-80.3798
40.84544,-80.2426
41.16988,-76.1629
39.9222,-80.0978
39.925,-80.2025
39.9982,-79.5829
40.3326,-77.9354
41.25463,-75.9425
41.26705,-77.0299
39.8104,-76.0953
40.22743,-75.8113
41.57235,-80.093
40.36849,-75.4242
40.84443,-77.5583
39.93462,-76.8219
41.92425,-77.7697
40.6237,-76.8936
40.86224,-76.0471
40.3881,-76.3739
40.35183,-77.4465
40.5706,-76.4303
40.4276,-76.9283
41.11986,-75.1479
41.00969,-79.1753
40.89186,-79.3865
40.188,-79.639
41.2692,-78.8093
40.9727,-80.3682
40.97165,-80.1306
41.06908,-78.7025
40.9603,-78.1495
40.8812,-79.9574
41.15458,-77.4927
41.09485,-79.666
40.61979,-80.3735
40.78907,-79.4353
40.26,-79.7467
40.5383,-78.8456
40.49095,-75.4174
40.31905,-75.9026
40.0372,-76.8708
40.01528,-77.2288
41.56458,-77.2555
40.84121,-75.7605
39.8333,-78.4706
40.68937,-76.1812
40.34143,-77.2051
40.58849,-77.2095
40.4317,-77.5485
40.5531,-76.3278
40.6233,-76.8203
40.5381,-76.2903
39.9931,-79.6558
40.212,-79.608
40.84495,-79.5293
40.99335,-79.5927
40.97815,-80.3389
40.9101,-78.0769
41.01177,-80.2918
40.68941,-79.8924
40.73599,-79.5368
41.225,-75.8578
39.9578,-79.6492
41.07521,-75.9737
41.26761,-75.8996
41.35597,-77.5153
40.4233,-78.1855
40.4142,-75.1239
39.93888,-75.7307
40.6469,-78.7814
41.9195,-77.624
40.44133,-75.4319
40.5406,-75.3583
39.86011,-76.9416
40.62911,-76.0963
40.88585,-76.2294
40.98582,-75.5152
40.82411,-76.1145
40.38983,-77.0907
40.88481,-75.5962
40.53482,-76.7902
40.4934,-76.7538
40.3668,-77.1982
40.6887,-75.9049
40.7307,-76.1373
40.0092,-79.1092
40.86365,-75.4558
41.3361,-74.8258
41.10899,-75.2282
41.99126,-76.6007
39.9942,-79.6542
40.3953,-79.2597
40.0035,-79.0736
41.08812,-79.4242
40.9329,-77.8417
41.1441,-78.7466
40.98513,-80.1288
41.01824,-78.1558
40.84275,-79.9789
41.04374,-75.8245
39.98204,-76.671
40.56743,-79.2629
40.4591,-78.3209
41.40185,-79.8054
41.96387,-78.1987
39.814,-77.145
41.5152,-78.0047
41.87688,-77.2122
40.48329,-77.2055
40.67243,-75.9677
40.1996,-75.7215
40.4057,-77.5081
40.84895,-75.374
40.89593,-75.3274
40.8696,-75.3332
41.03255,-79.1953
40.65202,-79.63
40.64976,-79.6147
41.99292,-76.9124
41.3246,-76.9096
41.25194,-76.7043
41.3325,-79.0697
39.9125,-79.8236
40.469,-79.4156
40.69087,-79.9102
41.07682,-77.754
41.1103,-77.6967
40.73802,-79.5553
41.1935,-76.2388
41.17517,-75.9946
40.0603,-79.6961
39.9233,-80.1633
41.24807,-75.951
40.97019,-75.9332
40.66036,-77.8595
40.71782,-78.525
39.97808,-76.6931
41.646,-78.2131
40.7169,-78.5231
40.7924,-79.0672
40.81691,-77.1026
40.87404,-77.0671
39.93192,-76.8395
41.93567,-78.1277
41.92516,-77.3893
41.79488,-77.0763
40.65828,-75.6679
39.75964,-76.2374
40.8244,-76.195
40.88562,-75.3489
40.5468,-77.1032
40.4793,-76.4917
40.93277,-78.8887
39.9356,-79.1897
41.3533,-75.22
40.89178,-79.2742
41.2994,-79.3622
40.95598,-79.7191
40.72545,-79.5184
41.12185,-78.6928
40.89681,-80.264
40.78508,-79.5532
40.75313,-79.549
40.10108,-79.6408
40.15953,-79.7657
40.90271,-77.8833
40.96806,-75.9347
41.17424,-76.9104
40.7792,-77.7817
40.92823,-75.2038
41.75234,-79.0701
41.86054,-80.2349
40.68032,-77.4395
40.90607,-77.4587
41.82824,-78.3285
41.71805,-77.3511
41.93302,-77.4941
39.9667,-77.9858
40.29869,-77.1294
40.88737,-75.529
40.04339,-76.4328
40.79188,-75.95
40.3994,-76.3144
40.2745,-76.5854
40.98383,-75.507
40.4245,-76.9457
40.33794,-76.9891
40.3611,-79.4639
40.9563,-80.3453
39.7357,-78.8246
41.18057,-80.3062
40.94447,-77.8029
40.9219,-78.89
40.96008,-78.2298
40.5436,-80.479
40.2582,-79.3711
41.17514,-75.9968
41.02237,-75.9442
39.9689,-79.6144
40.06554,-79.1841
40.7824,-78.0458
40.32549,-75.665
41.9028,-79.8807
40.62982,-75.7739
40.38619,-75.0557
40.97278,-77.632
40.7087,-77.4154
40.09038,-76.9503
41.959,-76.931
41.92528,-77.3845
39.85,-77.9375
40.0392,-78.2653
40.7495,-75.6564
40.32239,-75.4353
39.8328,-76.25
40.22485,-75.8204
40.36543,-75.8987
40.39805,-75.8874
40.3221,-75.6992
41.38765,-75.0223
40.8339,-75.573
41.06312,-79.6762
40.1592,-79.7231
39.8468,-79.3427
40.0692,-79.182
40.87065,-78.4736
41.11882,-80.2952
40.99441,-76.1203
41.22,-75.9894
39.9306,-80.0106
41.33833,-76.1264
40.5515,-77.8237
40.04545,-76.456
39.92978,-76.164
41.4386,-78.5335
41.90134,-79.2626
40.3814,-78.3505
40.41282,-78.972
40.9889,-77.5585
41.92071,-79.7729
41.58864,-80.049
40.19683,-75.8936
40.68436,-75.8216
41.85698,-77.2369
41.9644,-77.5222
40.5036,-75.4492
40.63445,-76.2011
40.92052,-76.7048
40.81872,-75.6445
40.55802,-76.3999
40.91248,-75.5912
40.9843,-75.4404
40.42424,-77.1823
40.91722,-75.276
40.3114,-77.3184
40.3797,-79.4147
40.4083,-79.2681
40.0425,-79.1044
41.02252,-79.612
41.1822,-79.7612
40.91396,-79.341
41.0369,-78.6503
40.86073,-80.0392
40.97646,-80.365
41.24638,-77.4364
41.17154,-75.9854
41.13792,-76.0822
39.78995,-78.8981
40.7218,-77.8817
40.81563,-75.2232
41.62016,-79.9831
40.6497,-78.7797
41.93897,-79.5376
40.70652,-75.7811
40.66032,-77.4808
40.01477,-77.2258
40.75132,-77.0626
40.696,-80.1515
41.90034,-77.1253
40.08551,-77.395
39.75458,-76.7029
39.7583,-78.7493
40.44246,-75.7027
40.01903,-76.4863
40.23974,-75.8499
40.3494,-75.4897
40.61638,-76.3877
40.72543,-76.1466
40.62006,-76.9758
40.4533,-77.5947
41.3306,-74.9856
41.39131,-79.8162
41.14884,-75.1154
40.86213,-79.2399
40.87131,-77.9501
40.97232,-80.3694
41.2989,-75.8878
41.21047,-76.0525
40.62439,-80.3046
41.09517,-75.7897
41.1333,-75.6338
39.954,-79.651
41.29607,-77.2004
41.4737,-77.5002
40.514,-78.2723
39.97997,-76.6831
39.98191,-76.6721
41.94047,-79.8269
40.50908,-78.2194
41.88515,-79.5353
41.9625,-79.4163
39.96713,-75.882
40.23509,-75.9097
39.764,-76.82
40.0804,-76.9354
41.0888,-80.1926
40.9663,-76.6452
41.95796,-77.1032
41.96536,-77.3847
40.65461,-75.7509
39.8551,-78.1498
40.46338,-75.7631
40.2718,-76.5647
40.82739,-75.9672
40.3569,-76.4092
40.79387,-75.6563
40.2494,-76.5897
40.2811,-77.8696
40.6439,-76.3756
41.79375,-76.8095
41.24376,-78.8762
41.38776,-80.3855
41.03707,-80.0078
41.07989,-78.1457
40.98263,-77.869
40.61793,-79.4785
41.5164,-75.963
41.16823,-76.1614
41.17035,-75.9927
39.9764,-80.1225
40.0884,-79.5712
41.19582,-75.9627
40.2577,-79.7442
39.9261,-80.0544
40.5826,-77.6995
41.31072,-77.0891
40.908,-78.9391
40.4147,-75.6389
40.46323,-76.1638
42.1249,-79.9604
41.60826,-79.9916
41.56995,-79.4094
41.73697,-79.9109
40.7906,-75.4385
40.9158,-77.5666
40.81581,-76.9693
39.84985,-77.4045
39.9,-76.666
41.6423,-78.7983
41.17364,-80.4446
40.63689,-76.3885
40.5864,-76.3483
41.82995,-77.1349
41.9746,-77.2088
39.82282,-77.338
40.8025,-76.4745
40.82221,-75.6896
40.2561,-76.5862
39.8092,-79.408
41.05240338,-76.98876023
40.5456,-79.3997
39.81404,-79.74893
41.75560127,-77.22636315
41.332281,-75.81624
41.30555007,-77.08037376
41.28224348,-77.07472663
41.26505461,-77.13249445
40.46806,-76.773145
41.7219,-76.1047
40.9894,-80.1916
41.1061,-78.1881
40.806672,-78.818742
40.4593,-79.0938
41.0615,-80.2057
40.838194,-78.366437
39.97116856,-77.45365982
41.271922,-75.805319
41.1691,-75.9807
41.251902,-76.074562
41.772722,-79.444328
41.339146,-75.847759
40.16061158,-79.32388968
41.336266,-77.642715
41.272681,-76.087182
41.14495,-75.94457
41.169653,-75.864613
41.17837024,-77.11886615
41.3568,-78.8714
40.51397545,-78.20042133
39.9689,-79.621
40.5679,-76.30161
40.63944584,-76.10534557
41.6944,-75.7139
40.6043,-76.2307
40.81346,-76.23468
40.4901,-76.7964
41.9194,-75.8142
40.706241,-78.478085
41.1159,-78.1207
41.0597,-75.1019
40.983307,-80.384094
41.19060744,-79.35216131
41.11859383,-79.58998519
41.1215,-79.8937
40.7966,-76.2343
40.88697144,-75.66799223
41.516667,-79.771706
40.93337,-76.17922
41.22825534,-76.97348864
40.5052,-76.8092
41.032116,-75.909699
41.358144,-75.835911
41.22841,-75.860089
41.617573,-76.046053
41.564855,-76.058683
40.56231,-76.15281
41.775483,-79.122617
42.0994,-80.0156
41.078833,-75.790952
41.5856,-75.3022
41.461,-79.6634
41.75131893,-77.67652617
41.92039097,-77.62206616
41.306352,-75.80463
41.212003,-76.043642
41.781535,-77.310174
41.746366,-77.214131
41.676837,-77.060986
41.94833,-76.52198
40.63938955,-76.41031498
40.84172159,-75.6743555
40.331347,-75.700181
40.45137,-75.420539
40.355337,-77.184285
40.291201,-77.291201
40.49633,-78.49348
40.84897773,-75.6208635
41.5047,-75.1289
41.348419,-76.026534
40.03313182,-77.30728865
40.772384,-79.19675
41.8992,-75.9697
41.883107,-77.129882
41.4328,-76.94351
40.245402,-76.844146
41.4072,-75.6242
40.5239,-76.4414
41.337759,-76.132466
40.8670757,-76.104499
40.612504,-79.34824
40.33658,-78.79435
40.36875795,-78.91669688
41.229615,-75.879219
40.64794997,-79.67111842
40.66312411,-79.66459848
40.341422,-77.205255
40.0667,-78.8215
40.1906,-79.278
40.5752,-77.8043
41.7358,-75.0742
41.13911906,-77.19034433
40.8426,-75.8683
41.37096,-79.82567
41.1538,-80.2313
41.2738,-80.378
40.490383,-78.436959
41.04478,-79.58393
41.788,-76.83015
41.66189,-76.82832
41.261225,-76.018272
41.2949,-78.5069
40.309425,-75.483259
39.96979,-80.175038
40.66239,-79.57902
40.74698,-75.89651
40.5601,-76.2512
40.86726182,-75.82194347
40.8298,-76.2326
40.6126,-76.5556
40.78204,-77.26957
40.906248,-75.434408
41.7244,-75.7011
40.7865702,-77.1369921
41.1831,-78.1436
40.9444,-78.58
41.5125,-75.0536
41.240444,-75.962042
40.8249317,-76.2084842
41.798402,-79.565357
40.58987,-76.18401
41.27422597,-77.01002826
41.9183,-75.8461
41.5289,-75.215
41.2954,-75.7966
41.309478,-76.009658
41.455925,-75.86188
41.615907,-76.127918
41.101722,-75.784581
40.43574,-75.72423
41.97398,-76.45769
41.97943,-76.37307
41.392368,-75.852506
41.705363,-79.03844
40.59381,-76.21146
40.847305,-76.212713
40.60723,-76.44328
41.6531,-75.2414
41.7972,-75.3933
41.614431,-80.074739
41.65387324,-78.37086551
41.17061557,-76.13105416
40.8533,-76.2658
41.329505,-74.863115
41.210957,-76.077121
40.554147,-75.441468
40.31146,-76.11723
40.04009179,-76.94340536
41.4667,-75.6233
40.3248,-77.058
40.6227,-75.5691
41.95109,-76.95963
40.754752,-75.891776
40.2408,-75.9822
40.919729,-75.272525
40.24593,-76.841508
41.556272,-76.202852
40.245775,-76.840329
40.413643,-75.709236
41.865204,-76.965738
40.027735,-77.353431
40.64611517,-79.67191994
39.98691382,-79.10364817
40.22054,-79.19789
40.0604,-78.8679
39.919268,-79.248178
40.8323,-78.829
39.9428,-80.0894
41.6947,-75.1136
41.24104216,-77.14938164
41.715,-75.6725
40.5458,-78.5357
41.00057118,-78.35637929
41.370822,-75.931676
41.831028,-79.088061
41.831202,-79.083782
41.50156,-80.18794
41.603686,-80.07415
41.243505,-75.097234
41.78457,-76.55601
41.181899,-77.436795
41.172483,-77.8983
41.30909,-75.813581
41.579175,-78.295992
40.26239,-76.05078
40.38529519,-75.68218071
40.32996319,-75.4044814
41.239111,-75.351457
40.5978,-79.3192
40.5592,-78.3675
41.220272,-75.998824
39.969,-79.6212
40.19739346,-79.67896684
41.378649,-78.606011
40.926908,-76.661598
40.6932,-76.2081
41.9581,-75.7431
40.5837513,-76.1294583
40.5564,-79.4247
41.053425,-77.377368
41.81510936,-78.27154751
41.55870251,-77.70286286
40.7138,-76.1299
40.7815,-76.5543
40.7912,-76.5001
41.7872,-76.0458
41.8953,-76.0111
41.8036,-75.6453
40.9683,-78.7336
40.8931,-78.5219
41.0583,-78.5753
40.9329,-78.526
41.12584221,-77.2374171
40.9563,-80.3875
40.7194,-80.1055
42.0313,-80.2471
40.6585,-76.171
40.8464,-76.6664
40.902442,-76.608085
41.24055811,-77.04750597
41.05483864,-77.20869064
41.186451,-77.30345845
40.9318,-76.1788
41.7025,-75.5536
41.8636,-75.6178
40.5136,-75.4969
40.5128,-75.4942
40.7373,-75.7935
41.216994,-76.119827
41.2947,-75.801
41.512679,-75.808355
41.560137,-76.005801
41.221362,-75.986213
40.70067,-75.95206
41.99527,-76.33858
41.1383,-79.8642
41.512732,-75.887561
41.291956,-76.134736
41.767148,-79.605631
40.7418,-75.8943
40.62449,-76.42731
40.61563,-76.42435
41.247341,-76.15708
41.0583,-80.24
40.667599,-77.25559
41.64162405,-78.80462875
41.276027,-76.097843
41.572936,-77.154213
41.976716,-77.086145
41.673128,-77.020942
41.606753,-77.506496
41.993897,-77.115101
41.66045,-76.813055
41.31128,-76.66245
41.841,-76.647
41.9008,-76.6178
40.81253937,-75.82768559
40.81428707,-75.8298552
40.6947,-76.305
40.319236,-75.69624
41.4925,-75.7172
41.4364,-75.2333
41.245,-75.515
39.96702516,-75.85664
40.02504391,-75.91127979
39.92509192,-77.44338393
40.9825,-79.965
41.565003,-76.952844
41.0294,-76.6322
41.46674,-76.56023
41.48851,-76.60142
41.44817,-76.4604
39.743983,-79.384044
40.7011982,-76.2784778
41.4197,-75.6594
41.2655,-76.3631
41.246017,-75.948647
41.180471,-76.004906
40.17336141,-75.78574389
40.5597,-75.8753
41.3339,-74.8033
40.5125,-75.4892
41.402211,-75.916345
41.221012,-75.942515
41.682393,-77.015833
40.4482,-79.435
40.540586,-77.576456
40.393609,-77.793003
40.1069,-79.0542
40.07544121,-79.54156339
41.125969,-80.330956
41.33842,-79.85108
39.8349,-78.8845
40.0669,-78.9691
40.904066,-77.251575
40.7883,-77.7897
40.4028,-78.11513
41.77,-75.1328
41.239295,-75.864585
41.220304,-76.08347
41.7308,-76.0103
41.419442,-74.96489
41.0444,-80.3708
41.0425,-80.2763
41.0018,-80.0852
40.9712,-80.2293
40.491078,-78.440225
40.6656,-78.9194
41.06097,-78.32787
40.94723525,-78.59943748
41.2159,-77.1127
41.919482,-79.85866
41.56149,-79.933752
41.90322,-80.48716
41.026484,-75.845988
39.926383,-80.084277
40.1031102,-79.6364382
39.92175262,-78.99660385
40.921,-78.6365
41.0883,-75.1925
40.57674173,-78.35595609
41.765,-75.9203
39.9691,-79.621
41.78304197,-78.2679539
40.91234986,-75.84629216
40.837695,-75.669696
40.776231,-77.059054
41.16113347,-78.70197296
41.1046,-78.1268
41.490018,-75.142337
41.352169,-75.827658
41.229587,-75.878584
41.09931,-75.754712
41.243764,-75.710037
41.00507794,-78.8418492
41.0076,-80.053
40.7481,-76.03687
40.842606,-76.234059
40.799765,-76.044702
40.83269317,-75.55229333
41.12428986,-77.23558204
40.5133,-75.4942
40.25839,-75.90755
40.9259,-79.9005
41.515697,-76.02671
41.91256389,-79.79694444
40.97395511,-75.82237482
40.7936,-76.2608
41.3311,-75.3931
41.4269,-75.4042
41.6636,-75.0539
41.78294867,-78.15321914
41.86858669,-78.3405328
41.9238001,-78.33230443
41.4505,-76.96329
41.37913,-77.06347
40.86865745,-75.62874615
41.279707,-75.83419
41.41012,-76.9796
41.4088,-78.3892
41.376222,-76.039606
41.7,-75.76
40.7046464,-76.280466
41.3386,-75.675
41.557697,-77.118483
41.871333,-77.505471
40.6515,-76.1444
40.586334,-76.324992
41.030574,-76.189388
41.10099,-77.594539
40.3789,-76.5052
41.189449,-75.780204
41.445525,-75.928189
41.221607,-76.136898
40.8543,-76.1038
40.86882053,-75.52821159
40.86773807,-75.72993774
40.240948,-75.884936
41.32638,-76.83196
41.019467,-75.910277
41.613752,-76.076534
40.071155,-77.268546
39.84894877,-79.03032257
39.90890414,-80.11852087
39.8939,-78.8582
39.9458,-80.1075
39.9294,-79.9983
40.4345,-79.4324
40.3497,-79.4756
40.33698,-78.79389
40.7247,-78.0814
41.7658,-75.9208
41.6767,-75.9589
41.1399,-80.1022
41.2282,-80.373
40.69975574,-79.52782189
40.85264074,-77.96539545
41.209486,-75.910337
41.3724,-75.985694
41.69268,-76.64375
41.21817495,-75.84436357
41.076165,-77.884143
40.80283416,-78.40206921
41.901636,-77.231134
40.60681,-78.75251
39.9691,-79.6209
39.9689,-79.6211
40.782309,-77.227137
40.7596,-79.8254
41.09372,-78.83788
40.911,-80.2519
40.84233446,-75.50834815
40.6946,-76.2102
40.6929,-76.208
41.95249777,-77.72334218
40.25612,-75.976672
40.7086,-75.7889
40.96410688,-78.24950576
41.0959,-78.5235
40.8344,-78.3708
40.967483,-75.405021
41.4206,-74.7375
41.01349491,-79.14126057
40.5506,-76.3431
41.30395219,-77.00992562
41.29590414,-77.00714622
41.17879457,-76.94990894
41.7475,-75.6794
40.5144,-75.5022
40.26616639,-76.32822275
39.79093337,-77.55023673
41.828,-79.1601
41.915314,-77.435085
41.7142,-76.5442
40.81904305,-75.77609093
41.262397,-75.792228
41.204113,-76.19522
41.355,-75.4167
41.744063,-79.261238
41.538918,-80.463247
41.189721,-75.976852
41.158453,-76.145941
40.6090593,-76.0471004
39.86686,-76.789225
41.2572,-75.4181
40.582676,-77.617769
40.2906865,-77.268204
41.213422,-75.904479
41.2475,-75.8189
41.3672,-75.6297
41.880471,-77.295541
41.50899,-75.925923
40.74951,-75.6004
40.316,-76.1905
40.717492,-76.3005698
40.976432,-76.104399
41.047494,-76.022235
41.254263,-76.180632
40.031221,-77.286129
41.260006,-76.159867
41.332101,-74.805689
40.327617,-76.139919
41.02455802,-79.40735909
40.12462946,-79.46069542
39.82592,-79.6369
41.237121,-75.950562
40.19160496,-78.9324344
39.9622,-80.03
40.1414,-79.7414
40.1675,-79.7478
39.9389,-80.2886
40.556075,-78.028913
40.5831,-77.8099
41.29636159,-77.00291157
40.918356,-76.13989
41.446503,-76.030272
40.994657,-77.436685
40.9745,-80.2454
41.1447,-80.3397
40.707425,-75.932924
41.1578,-75.3478
41.92687,-76.52764
41.085,-78.0531
41.004997,-76.061763
41.3007,-78.6134
41.3125,-78.4528
40.272079,-75.638732
41.0917,-75.1739
40.5871,-78.3134
40.661887,-79.200248
41.6964,-75.7144
40.35703176,-79.82836365
40.1828,-79.6653
40.14066088,-79.65691073
41.2464,-78.84171
41.1018,-80.3122
41.6944,-75.7139
41.7253,-75.7047
40.86027038,-75.72884537
41.90231594,-77.90209532
40.610276,-78.528014
41.12347019,-78.72610211
40.8131,-78.5167
41.1227,-78.6122
41.2597,-74.8939
41.02037,-80.2683
40.79299943,-75.6114459
40.7299,-76.1216
41.8482,-79.2238
40.7347,-76.1492
40.714008,-76.431227
41.27785173,-77.01867007
41.7128,-75.9772
41.5939,-75.2325
41.180345,-76.039909
41.303789,-75.735169
40.5125,-75.4897
41.178655,-76.254386
41.225674,-76.169572
41.656685,-79.990628
40.65544,-76.01492
41.014873,-75.904268
41.281155,-75.853371
40.3864,-77.1636
40.45383,-77.23315
40.393919,-77.085147
40.419737,-77.021161
41.7236042,-77.67396151
41.9682935,-78.20239281
41.88901696,-77.72539139
41.18926,-76.63205
40.58783,-76.42208
40.766374,-76.214045
40.991072,-75.391546
41.041572,-75.31491
39.997516,-77.270415
41.38046,-77.06378
41.5886,-75.7592
41.4725,-75.5367
41.0417,-75.3047
41.5311,-75.1717
41.348674,-75.809987
41.3861,-75.7481
39.874948,-77.538207
40.81546314,-79.43543969
41.26309,-76.88315
40.493545,-76.352555
41.880701,-77.525285
40.693641,-76.251648
40.78019708,-76.41385555
40.3628,-76.9202
41.24938743,-77.04350412
41.746897,-77.32957
41.55614,-75.787106
41.46872765,-75.99792966
40.4735,-76.5331
41.1503,-75.1525
41.300706,-75.297615
41.346927,-74.921127
40.988678,-75.486033
40.39789,-77.36094
40.5384,-79.4293
40.55836,-78.36961
41.26031251,-76.02526784
41.323274,-74.898425
39.87036,-79.49963
39.9367,-80.0769
40.66201078,-79.67705901
39.99331787,-79.06785416
39.7346784,-79.90008234
39.7762056,-79.49875288
40.36353194,-80.07042187
40.8875087,-77.186016
40.83726193,-75.87866066
40.83050616,-75.89402114
41.0629,-80.4325
41.1046,-80.4981
40.9775,-75.4969
41.1992,-74.9511
41.132441,-75.956797
40.7553,-78.7553
41.158468,-77.421547
41.007432,-75.972783
40.13657225,-79.35789615
41.232265,-76.275329
41.185578,-76.216142
41.4778,-79.84955
40.38403421,-75.6450287
40.5715,-78.359
40.6371,-78.3874
41.8656,-75.7411
41.3536,-78.22
41.3178,-78.5058
42.0397,-79.945
40.98110614,-78.83344267
41.096848,-79.075095
40.9358,-80.4879
40.9752,-80.4666
40.54932,-76.35736
40.6934,-76.2083
40.6931,-76.2077
41.9556,-75.585
40.84637548,-75.863536
40.979,-80.2206
40.807421,-77.149136
41.85358129,-78.79063037
40.9283,-76.2247
40.2793,-78.7123
41.0821,-78.5036
41.0414,-78.3808
41.223725,-75.861971
41.1037,-80.175
40.91245706,-76.47536324
40.96816564,-75.67291409
40.4925,-76.8143
41.47244164,-77.25098372
41.18242992,-77.16065764
41.13712326,-77.11079001
40.570454,-76.976127
41.8917,-75.6147
41.2966,-75.7898
41.024928,-76.165854
40.78783939,-75.65295577
41.15181,-76.62229
40.5125,-75.4875
41.79993,-76.28065
42.036405,-79.884621
41.699418,-79.042028
40.64695,-76.17615
41.168259,-76.159629
41.4953,-75.2103
41.721129,-79.457043
41.986132,-80.026861
41.75148934,-77.67643684
41.65520942,-78.81840491
41.71506,-76.46709
40.81595212,-75.83087742
40.1011,-75.4312
40.0355,-76.55
39.76023565,-77.52575994
41.30525,-76.85987
40.827797,-79.109388
41.1483,-78.3356
40.339269,-75.904108
39.864098,-76.997733
42.1028,-79.9053
41.294927,-76.096864
40.2312,-76.5052
41.98015985,-77.72482921
41.535854,-77.055699
40.5434,-76.62652
40.74851,-76.457188
41.266642,-76.173348
40.989723,-75.977319
39.87903142,-75.58335971
40.33653,-76.0942
41.0328,-75.2978
41.3775,-75.2569
41.282467,-75.072799
40.888581,-76.733241
40.612504,-79.34824
40.6511,-78.7817
40.51241224,-79.44300536
41.346835,-75.982113
41.805329,-77.086151
40.64702442,-79.67192338
39.7535,-79.2662
39.7389,-79.4203
40.1826558,-79.66610222
40.9264,-77.51476
40.5911,-79.2844
41.3046474,-77.04277992
40.77407,-76.20475
41.7175,-75.6733
41.3798,-80.3689
41.994713,-80.266257
41.22305647,-76.01227588
41.270546,-76.079229
41.144754,-75.951937
41.569997,-78.197885
41.5102,-78.2122
41.4281,-78.4928
41.65318833,-76.90171186
40.35395062,-75.38107124
41.2022,-75.2578
40.31486,-78.78421
40.6371,-78.4899
39.9692,-79.6216
41.6675,-78.1592
40.89695321,-79.42989432
40.73198,-76.12471
40.53923,-76.37346
40.86635406,-75.57738185
40.6933,-76.0078
40.5972,-76.5517
40.506023,-76.956964
41.9033,-76.0153
41.8522,-75.9372
41.6356,-75.58
40.225314,-75.962863
40.695882,-79.183403
40.9942,-78.1764
40.9603,-78.6125
40.9258,-78.2361
41.036955,-75.205615
41.330364,-74.992665
40.69281,-76.52623
40.86202534,-75.68779767
41.15754783,-76.9901792
41.30280575,-77.00831354
40.509278,-76.963279
41.4897,-75.4239
40.5169,-75.5028
40.7996166,-75.77230157
40.8196,-76.1207
41.53958,-75.861385
41.509218,-75.830744
40.55314,-75.458404
41.25074,-76.80491
41.1021,-79.707
40.9432,-79.8171
40.544108,-76.429315
40.85,-76.6353
40.3319,-77.1801
40.427833,-77.058951
40.385374,-77.172256
40.08778007,-79.44689236
41.5138,-78.2238
41.184177,-75.96547
40.500929,-75.449537
39.94234586,-75.83428783
39.878342,-76.87364
40.02825207,-77.26559639
39.912391,-77.37516971
41.5183,-75.5722
40.9342,-78.5917
40.20900997,-75.69492708
40.268566,-75.884098
39.810152,-77.528502
39.816291,-77.532731
40.407506,-77.100531
40.04934385,-75.53440732
41.4589,-75.3269
40.5936,-76.1433
40.3931,-79.4429
40.6576,-76.0142
40.245533,-76.843608
40.245894,-76.842945
40.245991,-76.842213
40.785611,-75.498248
40.902,-76.0124
40.97,-75.5236
41.14867,-76.220729
40.02839173,-75.86755395
40.87201,-75.20496
41.1317,-75.2847
40.55493,-78.46479
40.55731,-78.36939
41.984202,-76.942507
39.942635,-80.031759
41.094633,-80.335901
40.14956613,-78.94546202
40.990358,-77.59926
40.5595,-77.94482
40.3425,-78.1242
40.6617,-78.8206
41.677894,-77.465302
41.7814,-75.1358
41.4944,-75.1672
41.5231,-75.2253
41.24878648,-77.07504153
41.9183,-75.8453
40.567106,-79.415075
40.780156,-78.848028
42.203605,-79.783708
41.480706,-79.808945
41.486777,-80.273861
41.123965,-75.448048
41.90366,-76.66547
41.106249,-77.776507
41.585389,-78.838014
40.04719817,-75.89734457
40.419,-78.4372
40.312195,-78.882309
41.8075,-75.5958
39.9691,-79.6214
41.2821,-76.3752
41.7147,-75.9128
41.7922,-76.0772
41.31024,-79.50983
40.7932,-76.9843
40.6101973,-77.53732816
41.9011,-75.8467
40.9239726,-77.3569203
41.01074729,-78.32860947
41.0307,-78.4333
41.004054,-75.974633
41.30427665,-77.03423977
41.307,-79.42615
40.83683,-79.45609
40.5391,-80.4631
40.7265,-80.0965
40.7276,-80.0474
40.7838,-80.0345
41.0689,-78.5153
41.983103,-79.268653
40.510705,-76.965291
40.8191971,-76.0737874
41.5136,-75.2542
41.2952,-75.7987
41.228063,-75.860561
40.5773,-76.151
40.5568,-76.20498
40.5125,-75.4853
39.7775,-78.7428
39.8188,-78.338
41.4118,-79.788
41.888091,-79.821003
40.6847,-76.1833
40.87669194,-75.74882301
41.3119,-80.1769
40.713218,-76.132474
41.89946307,-77.75346661
41.255451,-75.682704
41.402058,-75.974611
41.884059,-77.201721
40.784719,-75.816482
40.85360484,-75.59130923
40.5228,-75.4384
39.83387,-76.766319
41.5175,-75.7172
41.5236,-75.5681
40.239563,-76.303128
40.5194,-75.5028
40.8087,-75.9262
41.721408,-77.2697
40.6137,-76.03659
41.60169,-76.192673
40.5413,-76.2752
40.757327,-75.940093
41.622493,-75.779189
41.565496,-75.947742
41.2944,-75.3281
40.633154,-76.521041
40.34786726,-75.90209001
40.5029,-75.6695
40.3572,-75.8972
40.28393409,-75.39567828
41.187072,-75.986787
41.339916,-76.059436
41.803974,-77.089335
41.899443,-77.224438
40.12950352,-79.34400659
39.903342,-80.081467
40.3011365,-77.19574201
39.7718,-79.1082
39.9675,-80.0875
39.9556,-80.2125
40.0897,-79.6617
40.427282,-79.463357
40.2001,-78.9265
39.972134,-79.256256
41.90612349,-77.18573078
41.3077,-80.0027
41.0488,-80.347
40.9739,-79.9789
40.7675,-78.5436
40.6461,-78.7972
41.3606,-79.89807
41.35916627,-75.79471563
41.61858,-76.83023
41.82634,-76.62395
41.017455,-75.949419
41.158168,-75.936239
41.086328,-77.905057
41.1586,-75.3719
41.111006,-75.310051
41.0706,-75.0897
40.5697,-78.7114
39.73621459,-79.54105377
40.4605,-79.3663
40.99036,-79.077
41.33644568,-79.43847368
41.2626,-76.3864
40.90315501,-75.82037926
40.7839989,-76.046505
41.14942,-76.53922
40.77704,-77.51739
41.76083933,-77.95972145
40.81735227,-76.20994091
40.3019,-76.8361
40.509113,-76.963282
40.65632,-77.299762
40.7846,-78.3664
41.50638889,-75.11
41.234321,-75.91764
40.9921,-80.2228
40.7215,-76.1473
41.68475,-79.3765
40.89656203,-75.68631172
40.669114,-76.004351
40.5195,-76.805
41.200515,-77.076837
41.13711518,-77.11094022
40.665448,-76.892993
41.5406,-75.1667
40.713749,-76.540958
41.041008,-75.825758
41.644379,-76.099335
41.598616,-76.036384
40.977322,-75.981921
39.8258,-78.7214
40.2092,-78.5525
41.840408,-79.180267
40.88403823,-75.76210558
40.3366,-77.1203
40.190219,-77.486121
40.34015,-77.16125
40.178371,-77.403685
40.294483,-77.362183
41.7064,-75.1031
40.94060577,-78.14423552
41.9008,-79.8465
41.99490017,-78.34910392
41.032659,-76.219675
41.61682,-76.952855
41.28791,-76.81496
40.784369,-75.817578
40.57086,-76.34956
40.045299,-77.284818
40.803123,-77.152315
41.106169,-75.188629
41.4911,-75.6311
41.4494,-75.7022
40.22,-75.9125
39.97397733,-77.46561043
41.5808,-75.315
41.287822,-74.865621
41.66761652,-78.15885184
41.564192,-77.227682
41.512497,-75.928614
40.245617,-76.843236
41.271287,-75.895641
40.773113,-76.742196
40.618628,-75.295476
40.36541721,-75.43877168
40.36336,-78.79562
40.9143,-76.057
41.085881,-76.106941
39.91075,-79.72292
40.37936201,-79.35466012
39.7217,-79.886
40.3533324,-76.93286681
39.951908,-79.142178
40.5527,-79.4214
40.5939,-77.8444
40.5575,-78.5652
41.7883,-75.3722
41.345986,-75.780155
41.1436114,-76.98355675
41.28230232,-77.24988937
40.8163,-75.9296
41.2273,-80.1083
41.1806,-78.4814
40.51550054,-78.42213273
40.75142392,-78.469616
41.612424,-75.795268
41.788341,-79.283073
41.34135,-76.96094
41.33327,-77.726932
41.364833,-75.854276
41.4004,-78.8406
41.3619,-78.2308
41.65279066,-78.79265948
41.8472,-77.2758
40.37621,-78.71754
40.5558,-78.5508
40.449,-79.0772
40.551,-79.39407
39.9808,-79.9917
41.05893,-79.48059
40.98707082,-79.58587885
40.80196592,-75.65270911
40.85528039,-75.77045198
40.831,-77.125424
41.05245,-77.17937
41.1375,-75.2894
41.0992,-75.0589
40.7584,-78.6895
40.8671,-77.94
40.74567,-75.849945
41.21811072,-77.1098212
41.5972,-75.1258
40.5136,-75.4997
41.278456,-75.990526
41.2976,-75.7867
41.289186,-76.079976
41.231315,-76.153586
41.326271,-76.007486
40.81074683,-75.8922751
41.494408,-76.131872
41.58223,-76.77802
39.8061,-78.4247
41.629402,-79.432926
42.157171,-79.987387
41.142389,-76.021154
41.353363,-75.87616
41.6531,-75.3956
41.5019,-75.1953
40.1597,-79.6583
40.78465,-75.817578
41.8153,-75.165
41.230278,-75.941179
41.733146,-77.074622
41.914129,-77.607372
40.8685,-75.669
40.4102,-76.9231
41.6087,-76.49144
41.4489,-75.3819
41.255724,-76.31023
39.97444039,-76.7114456
39.946474,-76.763787
39.94207,-77.456207
40.81698093,-75.83346844
41.554546,-77.055786
40.7589,-80.4326
41.912598,-77.14318
40.245449,-76.844371
41.547867,-76.142494
41.611167,-76.043711
41.7172,-75.4175
41.253263,-75.913455
41.1786347,-77.16103315
41.55884764,-78.03789633
40.915,-76.0602
40.6295,-79.6319
40.2543,-78.9149
39.932249,-79.662089
40.644197,-79.725816
40.16013528,-79.76394459
39.932922,-79.196049
41.6886,-75.1553
41.22148,-78.75016
40.5514,-80.3134
41.4248,-80.2472
41.3676,-80.3562
40.7911,-78.6967
40.98012,-79.58842
41.36214,-79.26479
40.8163929,-78.03521322
40.969261,-77.933036
41.030821,-78.243706
41.04312474,-78.43677759
41.27744858,-75.89417219
41.597,-79.9493
42.00521,-80.33842
41.31739,-76.76711
40.563618,-79.833719
41.173614,-77.409793
41.100932,-77.594542
41.061518,-77.910866
40.95942807,-78.57147813
41.1292,-75.2928
41.0797,-75.1206
40.5852,-78.3141
40.4902,-78.4407
40.10651693,-78.83034023
39.969,-79.6211
39.7764,-79.6608
41.358266,-79.821329
40.650953,-76.072764
41.15249824,-77.17838168
40.5897348,-75.404468
41.29412,-76.90497
41.98762,-76.35719
40.317735,-75.903184
41.027822,-75.894561
40.5547,-78.645
41.2976,-75.7866
41.458758,-76.027147
41.97115231,-78.40149798
41.986017,-77.468969
41.8866,-76.3041
41.28189,-76.82619
41.70493,-76.50694
40.785025,-75.815546
40.381,-76.4457
40.8492,-76.5949
41.0427,-76.4802
40.98072629,-79.54807886
40.8008,-75.95861
40.93848669,-75.82813621
41.0033,-77.1988
40.885788,-77.472149
41.93206642,-78.58373699
40.8601,-76.7124
39.97252094,-75.72184563
40.225309,-75.962819
40.781209,-77.240241
41.0772,-75.3681
41.1628,-74.9658
41.078439,-76.119437
41.31147638,-77.12305848
41.3127871,-77.02522755
40.7423,-76.1078
40.718263,-75.867847
41.6183,-75.4186
40.326458,-75.667221
39.786119,-77.506003
40.598052,-76.16591
41.95410441,-77.70642281
41.7669,-77.4092
41.937075,-77.103989
40.245568,-76.843436
41.570217,-75.876082
41.8211,-75.3736
41.4697,-75.4247
41.6017,-75.2728
40.8172,-76.2399
40.69413,-75.655431
40.431889,-76.06446
40.40553603,-75.06077766
40.34871,-75.90103
41.122445,-75.886177
39.82216339,-76.28366113
40.708,-78.24161
41.17531169,-75.98762572
41.71841,-77.468277
39.89976,-79.72119
39.9395,-79.0976
40.12327861,-79.48587537
40.43458768,-79.33264491
40.1317,-79.7872
41.797584,-77.081362
40.8630311,-76.2259676
41.9894,-76.13
40.93344,-78.21543
42.190646,-79.958512
41.153344,-75.322506
40.65816,-79.783762
41.32155126,-76.95605808
41.33,-78.2917
41.3292,-78.1575
40.54349605,-75.25011225
40.30098689,-76.14028232
40.56188,-78.94175
40.4556255,-78.32821652
40.1833,-78.7069
40.1443,-79.5984
40.1766675,-79.5620844
41.00282,-78.84243
40.96,-80.2443
40.69782,-76.28514
40.6944,-76.2098
41.6944,-75.7139
40.801891,-76.533498
41.6964,-75.4964
41.23845,-78.78539
40.616838,-79.233472
40.890401,-77.480482
40.8461,-77.047163
41.043242,-77.263055
41.85583048,-78.2971096
41.95466173,-78.23686008
41.7814,-75.5469
41.7844,-75.7083
40.18777172,-76.44949675
40.87943,-77.51457
40.8696,-80.4035
40.8266,-76.1989
41.7914,-75.865
41.4272,-75.2436
40.99813,-76.100849
40.7805,-76.699
41.426288,-75.923698
41.193003,-76.148868
40.86932,-75.20537
41.8064,-79.2249
40.73246,-76.09193
40.8529383,-76.6640497
40.50895,-76.38016
40.8686,-76.5922
40.396954,-77.119891
41.7175,-75.0556
41.878316,-79.083596
41.83970116,-78.30162458
41.506363,-75.847894
41.8429,-77.2558
41.564636,-77.186806
41.6675,-76.625
40.81464688,-75.83021149
41.000904,-75.473109
40.02825207,-77.26559639
39.92428148,-77.39492178
41.72258,-76.47268
41.5492,-75.3358
40.113428,-75.351278
40.41568,-75.85644
40.055957,-77.308596
41.165732,-76.15828
41.801,-77.494
41.87578,-80.28642
41.720462,-77.171377
40.86003,-76.164971
41.66304,-76.85522
40.5117,-79.6532
40.6891,-75.9315
40.8809,-76.1551
40.7841,-75.9737
40.5659086,-76.74539804
40.66642,-76.26619
40.8161,-76.2371
41.031966,-75.913474
41.17152,-75.986591
40.297825,-75.514391
40.05254299,-76.46555524
41.1489,-75.3014
40.16577957,-77.35110946
40.9152,-76.058
41.592649,-75.919086
41.30437337,-76.05077028
41.259059,-75.910469
39.81713898,-79.0653249
40.05171522,-79.53408539
40.1597,-79.7639
40.63809,-78.88332
40.31218,-78.73796
40.794674,-78.06641
40.45971,-79.071
41.23078513,-77.1126544
41.25549,-76.181161
41.055596,-76.186604
41.2036,-75.4436
41.02355,-79.20436
40.8395637,-78.42095749
41.5008,-79.88231
41.164882,-77.512307
41.02191,-77.585672
40.08868168,-78.94966781
40.85245,-77.97473
40.9378,-78.6744
40.8192,-78.4458
41.3186,-78.1125
40.8425,-75.3583
40.5578,-78.4511
40.6073,-79.6615
41.35984,-79.89782
41.036615,-79.463783
40.9567,-80.4295
40.8143,-76.6166
40.6948,-76.2088
40.6951,-76.2096
41.7772,-76.0786
41.9347,-75.7311
41.9642,-75.7436
41.01454904,-79.20798583
40.490293,-78.433587
40.832421,-77.514248
40.2239,-76.7014
40.5211,-75.5022
41.2467,-74.9897
41.26182421,-77.33250867
40.64,-76.0861
40.696824,-75.9064
41.21467056,-77.19422043
40.77528606,-76.27533691
40.516994,-75.502906
41.268244,-75.964354
40.89707295,-75.91495395
40.144781,-78.463278
41.518879,-75.853915
41.822313,-79.570217
41.5961,-79.2045
40.80440248,-75.72583139
41.014994,-76.203134
40.34015,-77.16125
40.392888,-77.391199
41.7719,-75.1792
40.63048,-78.7231
40.655713,-77.585836
41.345689,-76.110586
41.621597,-79.162517
41.32996,-76.85713
40.79076,-75.794596
40.6194545,-76.1964334
41.421819,-75.056539
40.17291053,-75.5185771
39.86980618,-76.93572758
40.065112,-77.251138
41.294311,-75.783123
41.821928,-77.44899
41.697464,-77.383913
41.6909,-77.462
41.112571,-76.129288
41.659021,-77.387967
41.900496,-77.362099
41.70887814,-78.59733462
40.8678,-76.0289
40.245708,-76.840113
40.88727,-75.19694
40.500924,-75.494118
40.08816331,-75.76907271
40.379106,-75.695485
40.294383,-78.887388
40.46998364,-79.4133751
40.62918346,-79.6314621
39.92545,-80.097873
39.988446,-79.982569
40.679277,-77.440297
40.5627,-77.8543
41.5522,-75.2206
41.4392,-75.3544
41.6208,-75.0764
40.79776073,-75.78865945
40.931391,-75.743058
41.6644,-75.9358
41.086183,-80.366978
41.05141,-78.98591
41.79605,-76.84468
41.202714,-75.827249
40.6069077,-79.65138968
41.028868,-78.009031
41.078433,-77.634924
40.9381,-78.4793
41.783518,-76.996625
40.11402219,-75.60402796
41.3258,-74.9178
41.2042,-75.2133
40.877015,-78.969626
39.9691,-79.621
40.1886,-79.7372
39.975152,-80.054062
41.4247,-78.7355
40.90667,-78.808
41.23898435,-78.82149254
40.69508,-76.20866
40.67345,-76.55748
40.751236,-77.008596
40.815213,-77.586614
40.91434,-77.73362
40.750203,-77.102854
41.93737739,-78.57116776
40.80236206,-75.70475596
40.482,-76.5724
40.7142455,-76.138435
40.506182,-76.957286
41.9194,-75.8142
41.2511,-75.4544
40.099,-76.006
40.10567895,-75.65908194
40.699994,-79.171786
40.8872,-78.4002
40.9804,-78.4574
41.207578,-76.089298
41.142387,-76.147242
41.00267356,-79.0455268
41.26001225,-77.24253889
41.9733,-76.1175
41.4692,-75.2236
40.793524,-76.292359
41.634876,-75.775151
40.61364,-76.06901
40.04177321,-75.87209225
39.81695,-76.75438
41.656685,-79.990623
41.76428,-79.246564
40.556556,-77.042256
40.4467,-77.1339
40.92516481,-75.91211823
41.98916,-80.46685
41.84061358,-78.02313805
41.91799905,-78.56363346
40.2815,-76.4058
41.032232,-75.912562
40.08289958,-75.6021739
41.175257,-76.083843
40.26751058,-75.91525708
41.925609,-77.350378
41.954914,-77.441312
41.831261,-77.090043
40.3392,-75.96
40.7785,-75.6134
41.5556,-75.2608
41.326021,-75.751908
41.19652886,-77.37846106
41.92141305,-77.71264999
40.7388837,-76.1243926
41.4806,-75.1986
41.209401,-76.008147
41.0958,-75.3081
40.7075,-76.3664
41.74,-75.7286
40.868135,-77.163766
41.119485,-75.967324
41.539056,-75.96344
41.596185,-75.957452
41.788205,-77.102937
41.956554,-77.117678
40.618991,-77.1971
40.3805,-79.4159
40.8364,-78.8308
41.007516,-77.580078
40.5619,-77.8547
41.4636,-75.1989
41.5939,-75.0803
40.814352,-76.089772
41.7286,-76.0528
41.9525,-75.5786
41.199697,-76.102837
40.70032705,-79.54398163
41.249485,-76.228773
41.66387,-76.7343
41.01898834,-78.7013936
41.0987,-77.6926
41.208835,-75.661199
40.849469,-78.263503
41.3299,-78.1815
40.2575056,-75.42440058
40.521924,-79.444282
40.84345,-77.35845
40.83966889,-75.73606938
41.9556,-75.5853
40.63066,-78.85726
40.702255,-76.919692
40.80912,-77.51362
40.85083975,-77.45231498
40.81940053,-75.78953385
41.7269,-75.6989
40.9076102,-77.1061037
41.0339,-78.4658
41.1197,-75.4386
41.327924,-75.942025
41.145281,-76.020727
41.19504947,-76.82830781
41.226494,-77.160495
41.1082,-80.2085
41.871975,-79.194224
41.15198122,-77.11288214
40.551655,-76.964332
40.662488,-76.896727
40.5183,-75.5025
40.5133,-75.4939
40.7385184,-75.9951108
41.2934,-75.8049
41.492089,-75.802913
41.643415,-76.170184
40.5128,-75.4903
41.89818,-76.34619
41.6036,-75.3406
40.12040718,-79.49898601
41.06472351,-78.76914457
41.505826,-79.718472
41.2302,-76.73477
40.8297243,-76.0565046
41.11412,-75.992895
41.02635421,-75.84487057
40.53375049,-75.6913525
39.81739219,-77.54553854
41.3103,-75.6414
40.469398,-76.978008
40.1842,-78.0092
40.98083449,-78.17700028
40.35295811,-75.53939417
39.786119,-77.506003
40.10707734,-79.04216286
41.6626,-76.54817
40.8234,-76.2311
41.6649,-76.73958
41.7581,-75.3208
42.089306,-79.943676
40.246063,-76.842594
41.14659,-75.92925
41.220112,-75.989464
40.5325,-75.3197
39.8167082,-76.28113985
39.80038,-77.512178
41.270891,-76.078284
41.6183,-75.0497
40.526925,-78.505787
40.5844,-78.4614
40.51276224,-79.44329359
40.4516,-79.069
41.931053,-77.110312
39.96441426,-80.11964291
40.78629292,-75.65061286
40.43575,-77.074505
39.76829147,-79.66051521
39.9944,-79.1216
40.0564,-79.2186
41.84550427,-78.94554309
41.84161928,-78.71017002
41.9607023,-78.87328308
41.23203852,-74.88439706
41.33876905,-74.76183822
41.23412354,-74.88916653
41.02757827,-75.0541118
41.05102719,-75.05287522
41.52998641,-79.24415432
41.56177814,-79.04546599
41.67245824,-79.06667012