38.68277,-77.09828
39.48118,-77.74812
39.4731,-77.75192
39.47381,-77.75356
39.45497,-77.72821
39.47568,-77.74778
39.475,-77.75167
39.46901,-77.73328
39.45119,-77.7327
39.64852,-77.478096
39.64564,-77.475789
39.6334,-77.4497
39.62607,-77.437452
39.65939,-77.477846
39.64279,-77.458406
39.6434,-77.4486
39.31081,-77.627273
39.22495,-77.452628
39.60582,-77.919816
39.50157,-77.840549
39.37437,-77.740816
38.97155,-77.160842
38.970187,-77.198761
38.99284,-77.245711
39.60911,-77.8397
38.9927,-77.237135
39.06789,-77.332437
39.36446,-77.739106
39.32494,-77.713579
38.99471,-76.879392
39.00043,-76.867484
38.97907,-76.902523
39.00166,-77.243147
38.9711,-77.2014
38.98153,-77.236883
38.940981,-77.1233
38.97398,-76.91025
38.97201,-76.89924
38.9831,-76.8947
39.36174,-77.392202
38.9153,-77.1042
38.119,-75.1824
38.118886,-75.178673
38.5283,-77.0364
38.38333333,-76.1
38.41666667,-76.08333333
38.38333333,-76.1
38.41666667,-76.08333333
38.43333333,-76.08333333
38.43333333,-76.08333333
38.4,-76.03333333
38.4,-76.03333333
38.4,-76.03333333
38.38333333,-76.1
38.38333333,-76.1
38.38333333,-76.1
38.38333333,-76.1
38.41666667,-76.08333333
38.45,-76.08333333
38.4,-76.11666667
38.41666667,-76.08333333
38.38333333,-76.1
38.42444,-76.07744
38.4,-76.04136
38.424722,-76.083056
38.40011,-76.11631
38.42028,-76.15012
38.45011,-76.09964
38.42694,-76.07469
38.38483,-76.08006
38.44194444,-76.15222222
38.22917,-76.04992
38.4275,-76.16522
38.41611,-76.05764
38.38575,-76.10082
38.426944,-76.151111
38.424722,-76.143056
38.394444,-76.036944
38.42389,-76.07014
38.41972,-76.14444
38.40011,-76.11631
38.39361,-76.04522
38.40011,-76.11631
38.40011,-76.11631
38.37861,-76.10268
38.38056,-76.1014
38.40011,-76.11631
38.37778,-76.09547
38.43222,-76.06281
38.42778,-76.14331
38.42056,-76.13619
38.45142,-76.10141
38.44611,-76.15169
38.45011,-76.09964
38.45011,-76.06631
38.45011,-76.09964
38.38111,-76.08039
38.38806,-76.10047
38.42278,-76.14039
38.43056,-76.14344
38.41666667,-76.1
38.41808,-76.13591
38.4275,-76.13461
38.43167,-76.13548
38.40011,-76.11631
38.39083,-76.07644
38.3775,-76.10059
38.44417,-76.15269
38.40011,-76.11631
38.41556,-76.14083
38.38056,-76.07644
38.385,-76.09594
38.42194,-76.15058
39.56413,-76.08708
38.375,-76.10209
38.39972,-76.07681
38.38278,-76.10175
38.42667,-76.06994
38.38361,-76.06787
38.38917,-76.07633
38.39333,-76.07203
38.40833333,-75.88333333
38.45917,-76.25944
38.43592,-76.15294
38.41666667,-76.05
38.41361,-76.05861
38.38888889,-76.10797
38.36333,-76.08989
38.325,-76.07361111
38.42528,-76.13178
38.38889,-75.995
38.44444,-76.07989
38.42916667,-76.02464
38.38861,-76.13283
38.4,-75.95833333
38.59166667,-76.23333333
39.08278,-76.79167
38.3,-76.08333333
38.38888889,-76.09686
38.34166667,-76.05833333
38.41678,-76.17444
38.3,-76.04166667
38.375,-76.06631
38.35,-76.04166667
38.39166667,-76.00833333
38.37306,-75.922
38.37388889,-75.91916667
38.37333333,-75.92166667
38.99444444,-75.73333333
38.37472222,-75.93333333
38.39138889,-76.07305556
38.55,-76.16666667
38.35,-76.15
38.45555556,-76.08019
38.46666667,-75.93333333
38.46639,-76.26556
38.325,-76.13333333
38.44194,-76.1475
38.37556,-76.12381
38.45611,-76.25108
38.43333,-75.875
38.45833,-76.04297
38.45833333,-76.85833333
39.0822,-76.74805556
39.08333,-76.77694
39.03,-76.79111111
38.41666667,-75.975
38.375,-75.875
38.36875,-76.09986
38.38611111,-76.05519
38.31861,-75.09583
38.36611,-76.05218
38.50833333,-75.80833333
38.55,-75.90833333
38.55,-75.90833333
38.49028,-76.13928
39.08278,-76.73083
38.40681,-76.18139
38.35,-76.13333333
38.37,-76.04792
38.36817,-76.04628
38.41666667,-76.99166667
38.46678,-76.06631
38.35,-75.91666667
38.35416667,-75.95
38.35,-75.91666667
38.38611111,-76.05555556
38.31666667,-76.05
38.53333333,-76.075
38.45197,-76.02958
38.35,-76.125
39.325,-76.07361111
38.37833,-76.03667
39.03333,-76.79639
39.05556,-76.81694
39.030465,-76.783846
38.41556,-75.99944
38.44194,-76.07694
38.242,-76.03833
38.243,-76.14
38.40722,-76.09964
38.43083,-76.21278
38.51666667,-76.34166667
38.43333333,-75.85833333
38.223,-75.523
38.21,-75.55
39.08556,-76.7422
38.38378,-76.05603
38.4,-76.07305556
38.41717,-76.00014
38.36666667,-76.01666667
38.38333333,-76.05
38.24166667,-76.05
38.39166667,-76.00833333
38.33333333,-75.95833333
38.325,-75.9625
38.375,-75.91666667
38.38333333,-76.01666667
38.43333333,-76.01666667
38.39166667,-75.99166667
38.33333333,-76.05833333
38.37388889,-76.075
38.37027778,-76.05638889
38.35027778,-76.06194444
38.35833333,-76.04166667
38.35833333,-75.94166667
38.375,-76.08333333
38.37916667,-75.99166667
39.04444444,-76.795
38.46583333,-76.10944444
38.46777778,-76.18916667
38.41833333,-76.23777778
38.50888889,-76.21111111
38.68222222,-75.73472222
38.44944444,-76.24666667
38.4725,-75.795
38.45833333,-76
38.39777778,-76.06361111
38.35833333,-76.10416667
38.37083333,-75.91805556
38.35972222,-76.03583333
38.37833333,-76.08833333
38.45861111,-76.04138889
38.49111111,-76.28666667
38.35166667,-75.91083333
38.42861111,-76.23388889
38.32222222,-75.95194444
38.42,-75.97111111
38.43388889,-76.22138889
38.40666667,-76.23194444
38.41055556,-76.14305556
38.415,-75.98638889
38.47361111,-76.01361111
38.38638889,-75.8825
38.37527778,-76.07472222
38.37888889,-76.04388889
38.40638889,-75.99222222
38.36777778,-76.05916667
38.37944444,-76.04083333
38.345,-75.94055556
38.48444444,-76.25805556
38.42611111,-76.01
38.44805556,-76.06777778
38.42694444,-75.91472222
38.43694444,-75.90055556
38.31472222,-76.09222222
38.33055556,-75.93888889
38.44888889,-76.15694444
38.38666667,-76.05638889
38.35777778,-75.93638889
38.45888889,-76.09055556
38.37138889,-76.10194444
38.34277778,-76.12194444
38.54138889,-76.02388889
38.63638889,-75.80472222
38.54138889,-76.10944444
38.45388889,-76.25444444
38.33777778,-75.955
38.39388889,-75.99027778
38.37944444,-76.0425
38.37833333,-76.04972222
38.43416667,-76.23694444
38.45194444,-76.08
38.40916667,-75.99166667
38.45,-76.24666667
38.62472222,-75.96722222
38.40111111,-75.97111111
38.4175,-76.15944444
38.46944444,-76.27055556
38.36611111,-76.135
38.39833333,-76.15666667
38.41194444,-76.23333333
39.3356,-76.0458
38.50055556,-76.1225
38.30694444,-76.11944444
38.42138889,-76.04277778
38.46861111,-76.30333333
38.35,-75.79722222
38.52833333,-75.90833333
38.46861111,-76.15944444
38.46611111,-76.1925
38.39194444,-76.20722222
38.40361111,-76.22
38.49666667,-76.24833333
38.39166667,-76.10583333
38.42444444,-76.01
38.37472222,-76.07638889
38.38472222,-76.03805556
38.48972222,-76.26888889
38.48888889,-76.26888889
38.37472222,-76.04472222
38.36611111,-76.02333333
38.48333333,-76.1325
38.39444444,-76.13166667
38.37861111,-76.16083333
38.45972222,-76.31388889
38.31194444,-76.10833333
38.3725,-75.99055556
38.36416667,-76.02277778
38.43416667,-76.01805556
38.43555556,-76.15333333
38.43055556,-76.15861111
38.40305556,-76.05972222
39.56194444,-76.08555556
39.49999998,-77.71666998
39.56666998,-75.90471999
38.60082998,-76.92360999
38.24721997,-76.45361
38.62361001,-76.92861001
38.37499997,-75.88332998
38.28768,-76.50847
38.34316997,-75.79899999
38.38277999,-75.52472
38.66443999,-77.05416999
38.58222001,-76.80027999
38.41028002,-76.43445002
38.47305998,-76.92110998
38.62499999,-76.08333997
38.74999999,-76.04165998
38.41667001,-75.53333002
38.60360997,-76.92277999
39.36221998,-77.19889
38.36799997,-75.93065997
38.35083001,-75.94055
39.70888997,-78.27417001
39.69667001,-77.70067
38.40050002,-75.69732999
39.63333998,-78.96666999
39.45000001,-77.63333001
38.25725999,-76.63603001
39.45027999,-78.97582998
38.60667001,-76.92833998
38.53138999,-76.87195001
38.49833002,-76.88166997
38.43805997,-76.96971998
39.20915998,-76.80770998
38.76999998,-76.67638997
38.39333,-75.59949999
38.51466998,-75.71049999
38.35556001,-76.44195
39.31804998,-76.81889001
39.70000002,-78.72500002
39.66191001,-76.23391997
38.56381998,-76.99941
38.48554998,-76.97693997
38.48590001,-76.75194998
38.53667,-76.61860998
39.605,-75.92778001
39.54250002,-78.52054997
39.53556001,-76.31972999
39.60583,-78.94805998
39.51111001,-79.20804998
39.52610998,-79.32639001
39.53304999,-79.36110998
38.42556002,-76.83360999
39.64912001,-76.03991997
38.47,-76.84333
39.68139,-78.08778002
38.65027998,-76.86527998
39.61201,-76.64327997
39.41667001,-77.66666001
39.33332998,-77.62499997
39.61665999,-77.66666001
38.38360999,-75.61610997
39.59999997,-78.76667001
39.55695002,-76.16917
39.55,-79.19167
38.74999999,-76.08333997
38.75277999,-76.08749999
39.10278,-75.77083998
38.41932998,-76.46532998
39.56055001,-77.43166001
39.25078999,-77.31584
39.21861001,-76.73388998
39.64167001,-77.50000002
39.21861001,-76.71666999
39.65832998,-77.50000002
39.31417,-76.79624001
38.54972002,-76.61472
39.61000002,-75.97944999
38.60139,-76.78194001
38.55860997,-76.78805997
38.44889002,-76.81445001
39.19528001,-76.99749998
39.13778,-77.02306002
39.34494,-76.87950999
38.55193999,-77.03693999
39.62722001,-75.99695002
38.25725999,-76.43603002
38.2426,-76.54161997
38.41459999,-75.52209
39.08194,-76.67028001
38.37499997,-75.92500001
38.65,-75.84999998
38.74441998,-76.67588999
38.36595001,-76.42223
38.62499999,-75.89167002
38.59999997,-76.25832999
38.325,-76.225
38.58333,-75.74999998
38.46666998,-75.83334001
38.54167002,-75.83334001
39.40861,-79.31722002
39.62138999,-78.56554997
38.74555999,-76.82777001
39.65944002,-78.73305997
38.45000001,-76.25000001
38.45000001,-76.25000001
38.23028002,-76.56055
38.53444001,-76.96639001
38.46138998,-76.48028002
39.29139002,-76.42028
39.05999997,-76.61889002
38.74944002,-76.78249998
38.56832998,-76.72611001
39.54333002,-76.12861
38.36582998,-76.72055997
38.60443997,-76.88332997
39.36665998,-76.06667
38.94999998,-75.80000001
38.86666001,-76.36666998
38.62777998,-76.87000002
38.28682999,-75.88115998
38.40055,-75.64694001
38.49165999,-76.75555002
38.33729002,-76.55536
38.49027997,-76.21638998
38.26081,-76.46127999
39.55,-78.63333001
38.60332999,-76.95083998
38.58888999,-76.62832999
38.63138998,-76.77666
38.24488002,-76.48827998
38.42971998,-76.97055998
38.51667001,-76.17083
39.00806001,-76.675
38.31917998,-76.62674999
38.21056001,-76.3825
39.59861,-76.00694001
39.59861,-76.00694001
39.59861,-76.00694001
39.59836999,-76.00791
38.45054997,-76.93638998
39.62556001,-75.96055999
39.61860999,-75.96499999
39.05750001,-75.84944001
38.59805999,-76.89611002
38.59888999,-76.89416998
38.56524999,-76.51622
38.59861,-76.90444
38.91972001,-75.92694
39.70324998,-76.12048
39.41267,-76.52049999
39.23555001,-76.42943999
39.62833,-76.05361002
39.47360999,-79.19999998
38.60050001,-76.89333002
38.46333001,-76.71213002
38.95833002,-76.20833998
38.71639001,-76.17917
38.61082997,-77.02417
38.01972001,-75.76443998
38.28333001,-75.65832997
38.25860999,-76.45361
39.57500001,-79.36666997
38.60833001,-75.95834002
39.43013,-79.35672001
39.605,-75.94916997
38.95833002,-75.83334001
38.74999999,-76.04165998
38.70833,-76.125
38.49500001,-76.62250002
39.55,-78.63333001
38.42389001,-75.13332999
38.16527998,-75.55250001
38.14583,-75.53333002
39.62499998,-78.81666998
39.61111001,-78.59805002
39.33332998,-77.62499997
39.33332998,-77.62499997
39.33332998,-77.62499997
39.29167,-77.54166
39.33332998,-77.29165999
39.70833,-77.29165999
39.36665998,-77.41665999
39.25000002,-77.36666998
39.66666997,-77.50000002
39.70833,-77.58333999
39.33332998,-77.29165999
39.37499997,-77.50000002
39.61665999,-77.78332998
39.49999998,-77.45833999
39.61665999,-77.42499999
39.67508001,-79.45562998
39.48805999,-79.28360998
39.61007001,-79.26222998
39.47575002,-79.40383997
39.41171997,-79.45123001
39.51231001,-79.35536001
39.46359999,-79.22381
39.41658,-76.32115999
39.69615001,-76.54807001
38.98971997,-76.71499998
39.23332999,-76.98333002
38.18333002,-75.82110998
38.83333001,-76.25000001
38.74999999,-76.08333997
39.33332998,-77.70834
39.33332998,-77.66666001
39.33332998,-77.70000001
39.53332997,-77.70000001
39.54167002,-77.63333001
39.61665999,-78.60000001
39.66666997,-77.54723
39.66666997,-77.70834
39.36665998,-77.66666001
39.67527999,-78.27471998
38.43707002,-75.78833
38.31389002,-75.49999997
38.30792,-75.65464998
38.53610002,-75.92096999
39.49331999,-75.98829997
39.61602002,-75.94623002
38.58395001,-76.52969
38.65070001,-76.86562001
38.64917,-75.71666999
38.19511,-75.47764002
38.59523001,-76.90365998
39.65909999,-75.90483001
39.57179999,-76.05113998
38.84889,-75.81110999
38.63333998,-75.84999998
39.49999998,-77.53333002
38.39021999,-75.59540001
38.30755001,-76.55853001
39.41667001,-77.66666001
38.59951,-76.89618001
39.14166999,-75.85415999
38.41585997,-76.52041999
38.65361,-76.00972001
38.59824001,-76.89706
38.59805999,-76.89428
38.46666998,-76.09999999
38.46616,-76.47682002
38.59855001,-76.89368
39.62271001,-76.34293001
39.62444001,-76.13083998
38.93333001,-76
38.612,-76.93853
38.28168002,-76.74102002
39.49165999,-77.15278001
38.53608,-76.72702001
38.28836001,-75.13653002
39.41594998,-79.16010998
39.49999998,-77.36666998
39.68838,-79.02488998
39.55666998,-77.77860999
38.41502997,-75.40700999
38.75833998,-76.91666002
38.61665999,-75.94999997
38.73554999,-75.85332999
39.60187997,-75.94781998
38.51667001,-76
38.40456997,-75.55845001
38.3262,-75.55291999
39.59442002,-75.91747001
38.62078999,-76.93464997
38.60841001,-76.92200997
38.71667,-75.88332998
38.58333,-77.08334002
38.34371999,-76.96555
38.08028,-75.71110999
38.37336999,-75.52034999
39.52388,-75.84602999
38.23427002,-76.49232002
38.59515,-77.15987998
38.59166999,-75.95556002
38.39312001,-75.60765
38.33585001,-75.69646001
38.26771999,-75.82205001
39.56666998,-78.88333002
38.35348998,-75.52541001
38.61945,-75.84166999
38.65161002,-76.61172
39.46067,-77.75484
39.56898001,-76.3679
38.81361001,-75.73139002
38.90860998,-75.73638999
38.59983001,-76.89620998
38.75006999,-76.98296998
38.35835001,-75.43152998
38.99445002,-76.28889
39.225,-76.14166998
38.29417997,-75.62797
39.12500001,-75.91665997
38.66417001,-75.86028001
38.51111001,-76.25639
39.12388997,-75.75861001
39.12388997,-75.75861001
38.87971998,-75.75444999
38.74277999,-75.97278001
39.59787001,-76.22811001
38.87917002,-75.91944002
39.18055998,-75.86667001
38.7175,-75.83277999
39.13916998,-75.76999997
38.75139002,-75.84139001
38.31372001,-76.87045002
39.69344001,-76.24687999
38.40020002,-75.50679999
38.45082,-76.99411999
39.43166998,-76.33265998
39.68332999,-78.79166001
38.50232998,-76.83958
38.59967001,-76.89064999
38.25000002,-75.39584001
38.59805999,-75.88306
39.05833001,-75.78332998
39.29999999,-75.91665997
39.21944001,-76.13332999
38.93027998,-75.7875
39.45578,-77.15148
39.63250002,-78.30405002
39.58694,-78.63804999
39.71666999,-78.70000001
39.42465001,-76.36246999
39.41465002,-76.35628998
39.41478,-76.35648001
39.41503998,-76.35687997
39.41824,-76.36299999
39.41661998,-76.36018002
38.30546997,-76.06322
38.71416998,-76.33278001
38.65277999,-76.05888998
38.97860999,-75.79221999
38.59945001,-75.73444
38.875,-75.91972
38.86306001,-75.83082999
38.53278001,-76.03082998
39.34166998,-76
38.2,-75.44665998
38.98332998,-76.31667001
39.19167001,-75.87499999
38.95888999,-75.90333997
38.38449999,-75.58736002
38.38808002,-75.58685999
38.16667,-75.76638997
38.16031998,-75.63482
39.6725,-78.04945
39.19167001,-75.86667001
38.80867998,-76.82192998
38.34364999,-75.38110002
38.43446999,-76.47372001
38.63333998,-75.71666999
39.65721999,-76.30721998
38.1915,-75.78454999
39.59999997,-78.95000002
39.70000002,-78.71666998
39.325,-77.24166997
38.76082999,-76.25304999
38.75833998,-76.17499997
38.97860999,-76.92638998
38.17467997,-75.93481999
38.24372,-75.61686002
38.24372,-75.61686002
39.32061999,-77.29165999
39.45032997,-77.12750001
39.43833,-77.63749998
38.50548998,-76.78594001
38.38482,-76.78307001
38.69305,-76.05333999
38.78610999,-75.87888998
38.79556001,-76.03750001
38.35711999,-76.52959999
38.31409,-76.89137002
38.62122998,-76.89388999
38.46666998,-77.01396998
38.90001002,-76.72529997
38.48644002,-76.21269002
38.90000001,-75.95834002
38.38869998,-75.50369998
38.45000001,-76.28333
39.49999998,-77.54166
39.59945001,-77.50860999
39.33610998,-77.32805997
39.66382998,-77.50517
38.42728001,-76.47575001
38.35548,-75.54905001
38.26467997,-76.46339
38.58555998,-75.70834
39.40782999,-77.49516
39.6765,-77.69882998
39.59844999,-75.79395999
38.54221998,-75.94999997
38.95306002,-75.82583998
38.72694002,-76.12166999
38.46798,-75.78559999
38.78777999,-75.81695002
38.3463,-75.32634999
38.2821,-76.47704997
38.46666998,-77.15701998
38.46666998,-76.00832998
38.46666998,-76
39.65167001,-76.06735
38.32016999,-75.93194998
38.59989,-76.88415002
38.28935001,-75.81265001
38.28936998,-75.81662
38.28884998,-75.8264
38.39868001,-75.87527002
38.26204997,-76.47163002
38.33714997,-76.63537997
38.24354998,-76.48249999
39.04166999,-75.83334001
38.47021999,-76.55081999
38.52093999,-76.53061001
38.32183,-75.33075001
38.34336,-75.93863998
38.34336,-75.93827999
38.35556001,-75.93694
38.37353,-75.92082999
38.37378001,-75.91665997
38.37732997,-75.91518999
38.38286,-75.89996998
38.85305001,-75.92583001
39.55,-78.60000001
39.70000002,-78.39999997
38.59878997,-76.89498997
38.60077999,-76.89610001
38.65861002,-75.84486001
38.38334002,-75.90832999
38.97499999,-76.32499999
38.90000001,-75.75417001
38.37539999,-76.60970001
38.60106999,-76.89663001
38.22500001,-75.80832999
38.57042002,-76.54158
39.55,-78.48332999
38.42747999,-76.63692
38.33472001,-76.4202
39.46110999,-77.70694998
38.11252002,-76.37064002
38.36483002,-75.50416999
38.35833,-75.93333
39.45832999,-77.70834
39.54167002,-77.54166
39.46083,-77.13834001
39.70888997,-78.13971998
39.56388998,-77.80444
39.61666,-78.63333
39.59332999,-77.74750002
38.6731,-76.80002997
39.66847002,-75.84255999
39.63333998,-78.73333
38.51759997,-77.22945
38.95971999,-76.20015999
38.51759997,-77.22945
38.95833002,-76.284
39.60222,-78.84472002
39.65250001,-78.79444001
39.71943998,-77.30472997
39.61028,-77.79111
39.66972,-77.99778002
39.69139,-77.66139
39.58333,-77.25000001
39.59868,-77.75179998
38.37083,-76.1125
38.54582998,-76.07917
39.03471997,-75.84778
38.53472,-75.83110998
39.40110997,-77.19526999
38.96708999,-76.81045
38.64243002,-76.89491002
38.60254001,-77.13658
38.53303998,-76.97146999
38.60007998,-76.89062997
38.59878001,-76.88961
38.60643,-76.66484
39.64167001,-75.99416002
39.25111,-75.87639001
39.57583001,-77.62083
39.53278001,-77.36444
38.22500001,-75.61741999
38.28582997,-75.88408998
38.32031999,-76.78921999
38.598,-76.99805
38.36250002,-75.95332999
38.59971999,-76.89980002
38.94584002,-76.90278
38.46106001,-77.18483
38.45560999,-77.21171997
38.45744,-77.15574998
38.64903,-76.88114002
38.64599999,-76.85036997
38.26678002,-75.28930998
39.69028001,-78.81445
38.42858998,-76.46740001
38.42385999,-76.56232999
38.46471999,-76.09638999
38.89249998,-75.94721998
39.20832998,-75.87499999
39.06527998,-75.85082998
39.02638999,-75.88249997
39.53749999,-77.75584001
39.67638998,-77.60472
39.65467,-76.22916001
39.57500001,-77.50833
39.50050001,-77.50833
38.30678,-75.71639
38.11500002,-75.64778001
38.61060997,-76.88700001
39.68028001,-77.37334001
39.67622002,-75.79105001
39.60474998,-75.96909001
39.46666998,-79.23332998
39.38334001,-79.40000002
38.14427997,-76.36861002
39.70000002,-78.78332997
38.68788997,-76.62155999
38.36921998,-75.50222
38.59261997,-77.15437997
39.42693998,-77.32472
38.70221999,-76.03374997
38.65651998,-76.86386999
38.22022999,-76.50117
38.41307002,-76.94305
39.55,-78.56667002
38.59999997,-75.74999998
38.55832999,-75.71666999
38.49502998,-76.62243998
38.64785998,-76.85097998
38.31823,-76.64305998
38.11083,-75.66695
38.44602001,-76.76789002
39.69694999,-77.49054999
39.49999998,-77.20833998
39.45639,-77.66888999
38.61336,-76.88556001
38.39847002,-77.21126997
38.57922002,-76.744
39.04171002,-76.93522
38.56568998,-77.05363999
38.54067,-76.94373001
39.04166999,-76.00832998
38.96277997,-76.29139001
39.39549999,-76.80949001
38.87360997,-75.86360997
39.65169002,-77.82403002
38.59833002,-76.89290999
39.33722002,-77.33083001
39.44361001,-77.63276999
39.59056,-77.26697999
38.44989999,-76.74621997
39.67472002,-77.30111002
38.36438002,-75.44542001
38.37422001,-75.64110998
39.59999997,-78.86667
38.47581001,-76.94948998
38.46657002,-77.22693998
39.71460998,-76.09924999
39.63280002,-75.97605999
39.50716999,-79.18407
38.50647999,-77.10360999
39.38944997,-75.85061999
38.41718,-75.40051997
38.37912001,-75.78610998
38.58832997,-75.95054999
38.31916998,-76.09221997
38.34083002,-75.94249999
38.39056001,-75.92638999
38.4375,-76.29972
38.52807999,-76.61692001
38.37327998,-76.40930001
38.63858001,-76.62619997
39.61103,-76.44477998
38.52913999,-76.61961
39.40236,-76.36356001
38.67703001,-76.64171999
38.59999997,-76.225
38.56747001,-76.51632997
38.54428,-76.64026997
38.51130999,-77.10991998
38.55501999,-77.08256
39.11471998,-77.13415999
38.55838998,-77.08251997
39.11500002,-77.13306001
38.53846999,-75.89367
38.55,-76.01666997
39.62917,-76.35832999
38.60021001,-76.90020999
38.47688002,-76.83997001
38.38997998,-76.95203998
38.73493999,-76.85494001
38.73493999,-76.85494001
39.06640998,-76.90579
38.55395998,-76.57877001
38.775,-75.86805998
39.48382998,-77.47500001
38.30809997,-76.48133002
38.46614999,-77.01411002
38.47081999,-77.0222
38.51671999,-76.53514002
38.33002999,-76.43373999
38.41006998,-76.97610997
38.55439002,-77.16691
38.10188,-75.58082998
38.57621997,-76.53674999
39.06278002,-76.00074999
38.18387998,-76.46528
38.87624998,-76.76608002
38.95742001,-76.84458998
38.50856002,-76.76766002
38.38929998,-76.58162
38.20066999,-76.40391998
38.40482999,-76.79889997
38.31872999,-76.53828001
38.47407,-76.77514999
38.30410001,-76.74428999
39.62732998,-76.49360997
39.56659998,-76.35332001
39.53966999,-76.32979998
38.85944001,-75.83082999
38.83694001,-76.03222001
39.00278,-75.77888998
38.92915998,-75.81723001
38.61468999,-76.90354
39.39167,-77.34917
39.40277998,-77.67194001
39.63138998,-77.35554999
39.37611001,-77.26195
39.54416998,-77.43411999
38.3265,-76.70611002
39.56749998,-77.52361001
39.68607001,-78.74628001
39.225,-75.81674999
39.50264999,-76.54138997
38.31918999,-76.45528001
38.53882998,-77.17524999
38.36175002,-75.82182001
38.61694999,-76.04693999
39.05833001,-76.05833
39.35472,-77.17582997
39.67139001,-77.30082998
39.53860998,-77.58472001
39,-76.125
38.03388997,-75.78249998
38.61294998,-77.09999999
39.16944999,-75.98333002
38.68723999,-76.87204998
39.60405997,-75.98158001
39.57421999,-76.06415998
38.70040999,-76.92254998
39.53708002,-75.92470001
38.54594,-77.17506001
39.56613002,-76.39667001
39.10341997,-76.63362
38.26342999,-76.62055002
39.41638997,-77.33138999
39.53126,-77.60398001
39.38500002,-77.22860999
39.27889001,-77.34665998
39.7075,-78.73372001
38.42917997,-76.71512001
38.27289998,-76.55305002
39.39441998,-76.33407998
39.69737998,-76.3302
39.48465999,-76.43583999
39.63333998,-78.46666997
39.44026999,-76.50527998
39.57210999,-75.95324998
39.59141997,-75.83260997
39.55991999,-75.79414001
39.50513999,-75.98418999
39.55392001,-75.84967001
39.68641999,-75.81836001
38.37183002,-76.40667001
39.69342,-77.80198998
39.17582998,-77.16724002
39.31888999,-77.18110998
39.24054999,-77.05860999
38.52195001,-76.15221999
39.65055001,-77.42972998
39.55722,-77.62278
38.83417002,-76.05333999
39.43472,-77.25416998
38.69584001,-76.05945
38.79527998,-76.05582999
38.74027998,-76.0502
38.54023001,-77.04945
38.87305,-75.945
38.43805002,-76.96472
38.77833002,-76.11674997
38.35487,-76.91109998
38.60874999,-76.93102001
38.64511,-76.86278002
39.25138999,-76.06943999
38.76638998,-75.73778002
39.27499998,-76.01666997
38.65522002,-76.85766997
38.34662997,-76.89333002
39.53894,-76.92278999
39.26666999,-76.00832998
38.61403,-76.7778
38.65023,-77.06887001
38.57350002,-77.02334
39.25834001,-76.00277999
38.49965,-77.21142998
39.70416999,-76.16749999
39.63717002,-76.63861002
38.89499999,-75.90911001
39.29167,-76.99582997
39.05555997,-77.01167
39.30110998,-77.36674998
38.40887999,-76.73485002
39.69639002,-76.96667
38.40055,-75.61000001
39.46666998,-79.35
39.70000002,-78.71666998
38.39877997,-75.91417002
39.52055999,-75.81968999
39.16444002,-76.99305998
39.42499999,-76.84527999
39.68181999,-76.58249999
38.62041999,-76.51671998
39.68808,-76.06564001
39.53055998,-77.43639
39.55388999,-77.87777998
39.64278,-77.62138998
39.37250001,-77.17943997
39.41443998,-77.16194
39.60491999,-75.89793998
39.19999999,-75.98333002
39.67816001,-76.49804997
39.61555001,-76.62527001
39.41332999,-76.81167001
38.59058002,-77.0815
39.16667,-76.98333002
38.51878001,-76.19019002
38.68778,-76.16278001
38.42794,-76.89485998
39.6275,-75.94316999
39.59844999,-76.00018997
38.31765002,-75.70889002
38.58433001,-76.86701999
38.50027001,-75.81722
39.69172002,-76.43445002
39.35860998,-77.20750002
39.44583999,-77.16715001
38.34702999,-76.91239999
38.5828,-76.98333002
38.33074997,-76.43004999
38.56017001,-76.56276998
39.65524998,-75.82950001
39.51556002,-79.20443998
38.93333001,-76.18333001
39.20832998,-76.17499997
39.68610999,-75.81554999
39.69028001,-75.82666998
39.49804998,-75.91277999
39.65193998,-77.98582998
39.49999998,-77.68332998
39.25195001,-76.87249998
38.60999001,-76.90467
38.43873002,-75.86610998
39.71278001,-77.36680997
38.42639998,-75.48861
39.59360998,-76.44694997
38.70738998,-76.55148998
38.75147002,-76.96393998
39.67527999,-75.9018
39.61239001,-75.91819999
39.62560999,-75.88341999
38.37912001,-75.5485
38.29839998,-76.87587002
38.42328,-75.70472
39.54167002,-76.63333001
38.83167001,-75.90972001
38.87583,-75.87249998
39.25693998,-77.30015999
38.39756997,-76.85667001
39.57277999,-78.55417001
39.52332998,-79.00027002
39.69608001,-76.18426998
38.53783002,-76.60882998
39.67610999,-77.37778001
39.13166999,-77.12526998
38.40333,-75.68888998
38.42521999,-76.54745
38.94167,-76.28333
38.99844997,-76.78522999
38.75163998,-76.96482002
38.03333,-75.48382998
38.26666999,-75.59166998
39.70000002,-78.78332997
38.58827999,-76.64977999
39.65678,-75.827
38.6415,-76.91719998
38.18130002,-76.39020001
39.71989999,-76.54611001
38.53783002,-76.60053002
38.54422001,-76.63349997
39.60833001,-76.65050002
39.59999997,-79.20833997
39.42866998,-79.21760998
39.42499999,-79.43611001
39.68585002,-76.54471998
39.56666998,-78.61666999
38.45211001,-76.56311
39.61961,-76.07010998
39.47819999,-77.71249001
39.14667001,-76.83528
38.66311001,-77.10043998
38.55047997,-76.83101001
38.59973,-76.89556
39.71889002,-77.50033999
38.66739,-77.08355001
39.41833001,-77.28666997
39.54221998,-77.21670999
38.28772999,-76.48917998
38.28316,-76.68971998
38.25672999,-76.48617999
38.25677002,-76.48621001
38.21650001,-76.53806001
39.61632997,-75.95024999
38.45761001,-77.2475
38.61091998,-77.13722002
39.40758002,-76.37296001
38.57666997,-75.97094999
38.64069001,-75.80017002
38.54187,-76.12945001
39.61363999,-75.94224997
38.41872998,-76.54529001
38.55529997,-76.54858
39.26666999,-76.16665998
38.37663001,-76.41496002
38.48177002,-76.50288999
38.55198997,-76.58419001
39.03348,-77.17916999
39.67433001,-76.40305
39.11417001,-77.13667
39.71694998,-77.89917
39.36110999,-77.43806001
39.42971998,-77.1335
39.33860999,-77.61195
39.66236001,-76.02027997
38.96255998,-76.83110998
38.96136999,-76.75351002
39.00362001,-76.79347002
39.23731999,-76.45508998
38.92519,-75.82297998
38.29999999,-76.09999999
39.50028001,-77.41758001
38.29800001,-75.74360999
38.58269998,-76.57518998
39.70556001,-76.35499998
39.67019001,-76.23353997
38.37813,-76.95834001
39.05888998,-77.16611002
38.55354,-76.78289999
38.46205997,-76.46732001
38.505,-76.58465997
38.54651999,-77.16665998
39.51472001,-77.23424999
38.71221999,-75.87805002
38.77638998,-75.93390998
38.28584999,-76.60221999
38.32066997,-76.56416
38.28695002,-76.83945002
38.95332999,-75.86750001
38.47949,-77.08650998
39.26666999,-76.18333001
38.21500001,-75.81445001
39.24389001,-76.74749997
38.91027999,-75.81639
38.31944001,-75.96667
39.44166997,-79.29443998
38.61281999,-76.91747001
38.38098,-75.51659
39.65563999,-75.82989002
38.25610998,-75.72083
38.36560998,-76.42106002
39.40999998,-76.89278
39.71639001,-78.85415999
38.66611,-76.03194002
38.88416999,-76.05416999
38.77583,-76.06722001
38.40254998,-75.78667
39.67989001,-76.01711997
38.3721,-76.76249999
39.49055,-76.92110998
38.72666999,-75.97833
39.65966997,-75.84897
39.25000002,-77.40833001
38.16261,-75.31720001
39.19402998,-77.42777998
38.55,-76.00049998
38.30939999,-75.67139
39.63221998,-78.84638997
38.74944002,-76.33083002
38.62138999,-76.01999999
39.55981002,-76.06811
39.65158,-76.45264
39.59583,-75.96278002
38.96844999,-76.90433998
38.44031998,-75.64167001
39.67404998,-79.00031
38.14510997,-76.51055999
39.50624998,-76.86715998
38.40436999,-75.56471998
39.695,-78.95532
39.59757001,-76.35361
38.98278001,-76.11584002
39.44221999,-77.68667
39.39167,-77.23138999
38.55308,-76.78557997
39.37361,-77.22945
39.13667001,-77.23694999
39.52361002,-79.38055
39.56666998,-78.51666999
38.17055998,-75.6975
38.23105998,-75.47717
38.47583002,-76.54757999
39.71766,-77.49135998
38.59914,-76.90153002
38.59940998,-76.90009001
38.17135001,-76.41610998
39.53332997,-78.56667002
38.55,-75.83382999
38.58917999,-76.78677001
38.54202,-77.18385
39.55528001,-78.52694997
39.66421999,-75.86089002
39.65824998,-75.85466998
39.65682998,-75.85367002
39.68583,-78.83277998
38.59833002,-76.89375
39.06667,-76.05416999
39.59089002,-75.99552998
39.58880999,-76.00088999
38.60789002,-76.88718999
39.48360999,-79.06415997
39.51389001,-79.45833998
38.60833001,-76.21667001
39.71666999,-78.73333
39.27083001,-76
39.61812001,-76.54504
39.53425999,-76.50158998
39.47999999,-76.23451997
38.71670002,-76.76791999
39.52838999,-75.89647001
39.59999997,-78.95000002
38.30836,-75.99449999
39.10333001,-75.75915997
38.69277997,-75.78971998
38.80888997,-76.30804998
39.50609998,-79.22512998
38.97416999,-75.83972
38.69277997,-75.78971998
38.87971998,-75.83082999
38.01,-75.64916999
38.01,-75.64916999
38.60046999,-76.89926001
39.70555001,-76.06722001
38.75535,-76.90178999
38.33332999,-75.93611
38.95833002,-76.17499997
39.23332999,-76.07499998
39.02832998,-75.78693998
38.96305,-75.78358
39.64110999,-78.92888999
38.65129,-76.86569
38.96667001,-76.05000002
38.91305999,-76.08376
38.38468001,-75.70277
39.30832997,-75.9
38.59833002,-76.89375
38.93056001,-75.91084
39.57500001,-78.68722997
38.92749998,-75.96194001
39.65284999,-78.94210998
39.325,-75.88332998
39.28333001,-76.04165998
39.35000001,-75.85050001
38.88166998,-76.04527998
38.67082999,-76.06499999
39.27777997,-77.25388999
39.25000002,-76.01666997
38.32163001,-76.48666001
38.44602001,-75.54221002
39.57513,-76.15610997
38.92333001,-75.93777
39.28806001,-76.78332998
38.96249999,-76.33333998
38.67721998,-76.08083
39.04111002,-75.82972
38.85832997,-75.81943997
39.04638998,-75.83694
38.46448999,-76.76984002
39.29167,-76.04583
38.69166998,-75.87499999
38.44166997,-76.225
38.69277997,-75.78971998
38.84778001,-75.82250001
38.92,-75.96415998
38.79278002,-76.03916997
38.32127998,-76.42386999
38.91806001,-75.96415998
39.25834001,-76.99167001
38.2575,-75.64944002
39.52195001,-76.32639002
39.65,-78.74999998
39.58333,-78.95000002
38.30646999,-75.64139002
38.99582998,-76.125
38.07111,-75.58977998
39.67527999,-77.07972001
39.70000002,-78.56667002
39.61361002,-75.84555998
39.64167001,-78.74166999
38.96417,-75.78389
39.65837001,-77.43241001
39.68332999,-78.66666
38.62277,-76.95583
38.96360997,-75.82611001
38.07533001,-75.58292002
38.47512,-76.79678997
39.29167,-76.85778
39.04111002,-75.81745
38.39227,-75.71138998
39.71367,-76.24071999
38.71432999,-76.60038997
38.47115001,-76.77249998
39.01666998,-75.92500001
39.225,-75.89167002
39.55945999,-76.23360001
38.10657002,-75.73360999
39.65058999,-75.84658001
39.29999999,-76.15000001
38.41245001,-75.40871997
39.48333,-75.79166002
39.28333001,-76.05000002
38.30594999,-75.58249999
39.70000002,-78.79166001
38.32222,-76.13358
39.35993001,-77.10749997
39.54375,-75.93629997
39.69443997,-78.80749998
38.23725,-75.57386
38.60132,-76.90002001
38.62013,-75.85399999
38.53664998,-76.21778
38.38805,-76.47774999
39.52074001,-76.35640001
39.58610999,-79.08611001
39.59703,-75.92245002
39.70332998,-76.1852
38.95833002,-75.98333002
39.42055999,-77.63193999
38.77442997,-76.80124999
38.60997,-76.86764
38.54596997,-77.12414999
39.66417001,-78.83915997
39.62499998,-78.70834
38.30105999,-76.73357002
39.71286001,-78.96354997
38.59953001,-76.89754002
39.70602997,-76.20448001
38.69090998,-76.63705999
38.54401998,-76.57887998
39.02914997,-76.73380002
38.39515001,-76.95277001
38.27569999,-76.74084
38.37499997,-75.91944002
38.46666998,-76.00017001
38.3414,-76.05665999
38.375,-75.91944
38.6383,-77.00335
39.44333,-77.3675
38.6383,-76.75421
38.38334,-75.88695
38.38306,-75.90583
38.36945,-75.92694
38.35,-75.93528
38.4,-75.99889
38.2075,-75.71972
38.60572,-77.02989
39.43028,-77.29056
38.40471,-75.98187
39.50633,-75.7933
38.50578,-75.70876
38.58997,-76.81609
38.32,-75.96667
39.61691,-75.99708
38.47585,-75.71339
39.4554,-78.98365
39.56103,-75.88619
38.39735,-75.36685
38.375,-75.91194
38.58198,-76.08957
39.65961,-76.15411
38.60408,-75.8255
39.07917,-75.85833
38.24219,-76.53766
38.36389,-75.93472
38.70306,-75.83195
38.40805,-76.13445
38.62162,-76.73745
38.26168,-76.4661
39.0775,-76.6422
39.02795,-76.66262
38.33898,-76.61724
38.58659,-76.60222
38.66144,-76.62835
38.22989,-75.64514
38.34833,-75.7125
38.31306,-75.69473
38.32111,-75.58583
38.62045,-76.9615
38.63689,-76.95647
39.61225,-76.35857
38.66639,-75.86417
38.75639,-76.1475
38.78417,-75.87
38.87972,-75.79861
38.92333,-75.96555
39.11361,-75.75333
38.36842,-76.54622
38.30436,-76.64686
38.49922,-76.57555
38.26836,-76.54803
38.51441,-76.6985
38.5058,-76.86537
38.32394,-76.55967
38.26633,-75.51791
38.94167,-76.175
38.62113,-76.95918
38.61493,-76.95654
38.62279,-76.79253
39.62305,-76.25675
39.62305,-76.25675
38.48766,-76.69327
39.70889,-76.06361
39.5358,-75.78689
39.5358,-75.78689
39.5358,-75.78689
39.66106,-77.44794
38.54501,-76.78396
38.36539,-76.55359
38.36539,-76.55359
38.388,-75.49483
38.49894,-77.17911
38.41692,-76.63972
39.56548,-76.16497
39.69722,-77.72
38.54846,-76.74179
38.59964,-76.73145
38.31283,-75.64133
39.69389,-78.35111
38.25771,-76.17826
38.4735,-77.18894
38.32213,-76.61539
38.52163,-76.19131
38.74833,-75.83083
38.89611,-75.82306
38.78667,-75.86777
38.24306,-75.60083
38.95139,-76.2225
38.77083,-75.95139
38.78611,-75.74472
38.95444,-75.8225
38.67981,-76.98822
38.60217,-77.1441
39.06833,-75.91139
39.25028,-75.93333
39.06944,-75.84666
38.37101,-76.9604
38.50175,-76.01084
38.26445,-75.17555
39.1,-76.09167
39.36972,-75.83111
38.59313,-75.88007
38.06116,-75.57639
38.95278,-76.09278
39.10111,-75.80639
39.44378,-77.68998
39.55833,-76.15833
39.6125,-77.97139
39.05333,-76.935
39.62667,-78.70333
39.59,-78.845
38.672,-76.6048
38.46911,-76.52801
38.91805,-76.66959
38.61111,-76.66106
39.03294,-76.58054
39.10056,-75.78584
38.91444,-75.95139
39.21944,-75.90583
38.58775,-76.14367
39.44551,-76.35727
39.55589,-75.93764
38.52312,-76.71246
39.54583,-78.64167
38.32214,-76.42025
39.42778,-79.425
39.50694,-79.42555
39.54861,-79.39722
38.41806,-75.965
39.48732,-76.27722
38.46067,-76.54589
39.54167,-78.63333
39.11972,-76.87083
39.1825,-77.29889
39.43962,-79.28423
39.64056,-78.92056
39.66417,-78.92834
39.42817,-76.84642
39.68667,-78.07928
39.27808,-77.3392
39.54586,-78.51744
38.5643,-76.7839
39.56667,-79.1
38.18083,-75.90083
39.69703,-77.53259
38.25503,-75.50259
39.23333,-75.875
39.14167,-76.25
39.65939,-75.97645
39.15833,-75.89167
38.40482,-76.95879
38.40923,-76.88484
38.69833,-76.09417
38.69917,-76.09444
39.56667,-77.69444
39.69406,-76.12129
39.70058,-76.4702
39.50417,-79.10833
38.81055,-75.98805
38.98466,-77.00909
38.19456,-76.40238
38.60382,-77.13551
38.65656,-76.58722
38.18083,-75.90083
38.18167,-75.91972
38.88975,-76.66646
38.14889,-75.94473
38.70855,-76.78684
39.53967,-76.19867
39.46067,-78.97166
39.50951,-77.45171
39.6215,-75.9856
39.61175,-75.95325
38.22055,-75.77361
39.69444,-75.90278
39.615,-75.95417
39.71492,-78.18127
39.42721,-77.7189
39.67225,-77.52216
39.6201,-76.88525
38.63378,-75.8538
39.59889,-78.94527
38.59922,-76.8952
39.56636,-77.75372
38.4123,-76.53953
38.65342,-76.66592
39.3602,-76.96363
39.4552,-77.6548
38.55042,-76.5818
38.30825,-75.70998
39.44231,-77.70443
39.47811,-77.64138
39.63091,-77.74619
38.40147,-75.64088
38.50502,-75.72352
38.48098,-76.78487
38.29733,-76.5052
38.5228,-77.14733
39.1605,-76.67878
38.74111,-76.05805
38.92028,-75.95111
39.04111,-75.82806
39.53444,-79.36089
39.7,-78.7125
38.49166,-76.30833
39.60622,-75.90147
39.55289,-75.90025
39.07861,-75.74389
39.42361,-79.43539
39.59583,-78.47083
39.246,-76.73122
39.03167,-75.84306
39.60695,-79.425
39.43013,-77.48756
39.39054,-79.44873
39.45736,-79.27317
38.39592,-75.5943
38.40233,-75.79144
38.59114,-75.95937
38.5913,-75.95961
38.59335,-77.02007
39.51722,-79.37361
39.69861,-79.41611
39.02945,-75.83556
38.82611,-75.75056
39.29583,-76.8
39.45137,-77.56428
39.45219,-77.56609
39.48619,-75.98139
39.54167,-77.60833
38.24048,-76.45535
39.63684,-77.52465
38.59967,-76.9015
38.59939,-76.90067
39.43639,-75.98106
38.33286,-76.42741
39.60139,-78.83139
39.51276,-79.30151
38.59056,-76.14167
38.27945,-75.745
38.25618,-76.4176
38.25255,-76.40003
38.269,-76.05981
38.26947,-76.45825
38.08855,-75.80425
38.395,-76.46736
38.9225,-75.80527
38.81361,-75.81
39.09156,-76.92966
38.44435,-75.69363
38.64809,-76.86666
38.84306,-75.78167
38.56115,-76.95531
38.90389,-75.82775
38.88389,-75.90083
38.267,-76.45763
38.59825,-76.01903
38.78389,-76.08639
38.76028,-76.0725
38.6275,-76.02834
38.74805,-76.0775
38.69917,-76.20861
38.7875,-75.87527
38.69806,-75.77556
38.92278,-75.94222
38.75834,-76.275
39.62019,-75.96005
38.94028,-75.73861
38.59296,-75.95052
38.73972,-75.82139
39.6138,-75.98547
38.46361,-76.73972
38.63478,-76.96278
38.59809,-76.83021
38.27785,-76.64387
38.57742,-76.62775
38.16935,-76.3901
38.26686,-76.45747
38.26719,-76.45802
38.95361,-75.86694
38.59967,-76.89902
38.59903,-76.89561
39.31667,-75.9
38.51333,-75.72117
38.4455,-75.61283
38.95083,-75.82333
38.3465,-75.80452
38.00432,-75.83842
39.56676,-75.93774
38.72083,-75.81805
38.58884,-76.92873
38.62957,-77.06232
38.81445,-76.06028
38.93667,-75.82777
38.97861,-75.81555
38.5,-76.58366
38.70155,-75.833
38.68213,-75.87733
38.92,-75.93139
38.86083,-76.13111
38.55716,-77.03213
38.47128,-77.15723
38.36654,-76.43025
38.4662,-76.49633
39.67083,-78.91666
39.33333,-75.94167
38.49984,-76.77071
38.83333,-75.73333
38.95167,-75.87055
37.98629,-75.8164
38.29716,-76.51783
38.6515,-76.86637
38.98333,-75.96667
38.98333,-76.29166
39.63306,-75.92667
38.46991,-75.94614
38.53539,-76.04632
39.56483,-75.94878
38.35497,-76.42928
38.80639,-76.16111
38.49984,-76.77071
38.65659,-76.86212
38.68354,-75.88972
39.14472,-75.76583
39.08417,-75.79361
38.95222,-76.0675
38.37987,-77.22167
38.53972,-76.98322
38.91444,-76.00777
39.07084,-76.01694
38.91667,-76.35
38.89944,-75.75584
39.7,-78.61667
38.73806,-76.07944
39.63334,-78.8
38.725,-76.07111
38.74889,-76.32806
38.27222,-76.66417
38.39528,-76.82694
38.44333,-76.77666
39.28218,-76.78322
38.53195,-76.63938
38.60101,-77.15893
38.30278,-76.63306
38.69617,-75.86073
38.375,-75.579
38.4072,-77.18525
38.05,-75.39167
38.30361,-76.08195
38.21194,-76.40139
38.70833,-75.7375
38.68333,-75.78333
38.78917,-76.24889
38.72,-76.20194
38.80889,-76.26417
38.53339,-77.07708
38.25603,-76.63061
39.60683,-75.91084
38.78528,-75.93667
38.79778,-76.3
39.60286,-75.90586
39.71745,-75.87283
38.14063,-76.33632
38.34605,-76.57592
38.37439,-76.60833
38.59113,-75.95831
38.18017,-75.38245
38.90125,-76.03819
38.4763,-76.2065
38.30379,-76.08257
38.52859,-76.64352
37.96333,-75.83833
39.7,-78.61667
38.62917,-76.025
38.77269,-76.26373
38.47889,-77.1767
38.0525,-75.67361
39.115,-75.82027
38.68694,-75.74445
38.86583,-75.82472
38.78611,-76.07944
38.93528,-76.07889
38.93917,-76.06223
38.88306,-75.97472
38.78139,-76.23944
38.87778,-75.97417
38.1863,-76.47832
38.63235,-76.77602
38.43778,-75.4425
38.31718,-75.8202
38.2392,-76.47287
38.54185,-75.9463
38.5822,-75.97006
38.80554,-76.79247
39.63572,-77.65385
38.66401,-76.88986
38.37847,-76.83878
38.76556,-76.27333
38.59117,-75.95801
38.17834,-76.48097
38.46808,-76.76744
38.417,-76.9204
38.41818,-76.92137
38.41875,-76.90886
38.27694,-75.22111
38.81511,-76.02353
38.64556,-76.98111
38.06678,-76.33588
39.54264,-75.95092
38.84586,-76.9119
38.55786,-75.83078
38.54211,-76.02355
39.36666,-76
38.68833,-76.06167
38.81111,-76.05334
38.50774,-76.01945
38.63411,-75.7878
38.91195,-75.86028
38.77361,-75.8975
38.70917,-75.91306
38.91917,-75.93472
38.90445,-75.91194
38.93639,-75.89917
38.94194,-76.03194
38.28648,-76.4702
38.22657,-76.40453
38.59566,-76.91132
38.18917,-75.82056
38.05788,-76.33517
38.3688,-76.80055
38.39992,-76.76664
38.59945,-76.91544
38.5993,-76.93172
38.60246,-77.15413
38.57377,-75.71674
39.7,-78.79333
38.66472,-76.02644
39.06628,-75.87209
38.6711,-75.93684
38.47638,-76.79229
38.47295,-76.78053
39.69778,-78.87
38.39455,-75.46217
39.59076,-75.86908
38.41256,-76.2327
38.58228,-76.08941
38.49972,-77.19202
38.30378,-75.45493
38.31898,-75.78903
38.2482,-76.48658
38.26667,-75.5
39.36666,-75.81111
39.46338,-76.89724
38.27372,-76.48759
38.64377,-76.88757
39.31667,-75.83334
39.325,-75.875
39.23333,-75.80833
39.42864,-77.20719
38.04028,-75.73417
39.275,-76.15
39.61917,-75.84944
38.1775,-75.77778
38.13685,-76.35899
38.35277,-76.55011
39.18333,-75.9
38.60255,-76.92895
38.65022,-75.76897
38.49966,-76.20171
38.37753,-76.93972
39.09167,-76.03333
39.02361,-76.01667
38.94167,-76.29166
39.36666,-75.78333
39.44372,-75.79425
38.3737,-76.80489
38.52161,-76.71239
38.38706,-76.14309
38.86028,-75.9025
38.66306,-75.74194
38.82833,-75.74333
38.77222,-75.72472
38.88083,-75.81944
38.96083,-75.82806
38.245,-75.6025
39.55599,-77.6144
39.10833,-76.03333
38.70222,-75.74917
38.66833,-76.07333
38.81805,-76.26305
38.78167,-76.08667
38.64194,-76.04694
38.645,-76.13028
38.69028,-75.99333
38.79556,-76.04195
38.60181,-76.92316
39.44372,-75.80089
38.39832,-75.44213
39.44412,-77.46739
39.31667,-75.96667
39.25834,-76.15
38.59033,-76.81728
38.27372,-76.48759
38.25539,-76.41908
38.4832,-76.69544
38.25903,-76.45461
38.27406,-76.4667
38.5262,-76.59839
39.54583,-75.915
38.56389,-76.13139
38.59386,-76.90134
38.59364,-76.90158
38.12639,-76.37217
39.67389,-78.78028
39.63542,-76.00561
39.04167,-75.91666
39.19584,-75.84167
38.53506,-77.1713
38.37242,-76.97322
38.59945,-76.91544
39.65175,-76.909
38.81667,-76.26667
38.9,-76.35416
38.2648,-75.63174
38.90639,-75.91556
38.79417,-75.82972
38.21632,-76.49683
38.1516,-76.50776
39.01889,-75.78917
38.02,-75.66861
39.44167,-77.51667
38.34939,-76.86978
38.39333,-75.59972
38.59461,-76.90086
38.75389,-75.88639
38.64222,-76.02084
38.95,-76.18333
38.06833,-75.69861
38.43964,-76.89677
38.53702,-76.78217
38.74753,-76.65217
39.68139,-75.91361
39.49805,-79.10028
38.17333,-75.93528
38.17333,-75.93528
38.64024,-76.80579
39.525,-77.54166
38.1875,-75.75
38.59956,-76.89644
38.56316,-77.15994
38.56067,-76.08312
38.6211,-76.78173
38.528,-76.8193
38.40034,-75.37419
38.34547,-76.14475
38.54467,-76.10281
38.81639,-76.29533
38.72917,-76.63889
38.46589,-76.0042
38.56361,-76.6325
38.75722,-76.90361
38.8995,-75.75239
39.00111,-76.05972
38.41167,-75.86861
39.28056,-76.09361
38.73278,-75.97889
38.36352,-75.93452
38.42775,-75.8604
38.66642,-76.53101
39.14417,-75.88139
39.21583,-76.23306
38.79055,-76.115
38.76222,-76.2575
39.68053,-76.49355
38.66472,-76.91611
38.20139,-75.37722
38.85083,-75.79639
38.38139,-75.89516
38.64328,-76.8455
39.11639,-76.00694
38.76872,-76.95708
38.91028,-76.19278
38.64336,-76.88392
38.31222,-75.6995
38.64786,-75.76598
38.37389,-75.55028
38.2675,-76.48889
38.30083,-76.61916
38.38385,-75.9175
38.97889,-76.05167
38.88167,-75.82306
38.4325,-75.90389
38.88945,-75.89986
38.79708,-76.78809
38.5173,-76.77917
38.57093,-76.95532
38.77729,-76.91643
38.60088,-76.90124
38.65071,-77.03281
38.57067,-75.79161
38.95222,-75.87945
39.6063,-75.87395
38.3816,-75.87724
39.26222,-75.92223
38.60817,-75.9649
38.38264,-75.88293
38.40342,-75.9821
38.62665,-76.7823
39.25056,-75.83889
38.54005,-77.09133
38.6338,-76.96128
38.62058,-76.83742
38.25595,-75.90117
39.59889,-75.80695
38.49236,-76.69086
38.3107,-76.631
39.11639,-76.04305
39.26972,-75.79028
39.63331,-77.74944
39.61557,-77.77278
38.63542,-76.96287
38.53636,-77.19556
38.49765,-77.20939
38.49592,-76.91201
38.83139,-76.00806
39.04139,-75.86195
38.69833,-76.09306
38.96194,-75.83195
38.95195,-76.2225
38.13594,-75.43761
38.47017,-77.20819
39.55695,-75.8925
38.17194,-75.93723
39.41945,-77.6768
39.51547,-79.45636
38.84583,-76.10778
38.23436,-76.62852
39.65333,-75.97611
38.57567,-76.75237
39.68389,-78.01417
38.48507,-77.08601
38.50156,-76.566
39.64695,-76.00889
39.53797,-77.76425
38.55881,-77.13892
38.59383,-76.90095
38.61917,-75.78445
38.46611,-75.91528
38.623,-75.90814
39.41861,-76.60806
38.92083,-75.87861
39.70111,-78.23016
38.58688,-76.7823
38.53403,-75.83358
38.48578,-77.10278
39.04222,-76.03028
38.26139,-76.76139
38.47155,-75.75264
39.65886,-75.82614
38.65497,-76.56181
39.67997,-75.98139
38.28506,-76.07863
38.62187,-75.89938
39.66667,-78.65
37.95945,-75.8372
39.56667,-78.85
38.61033,-76.59619
38.52022,-76.9405
38.69825,-76.728
38.6128,-76.61992
39.25,-76.04166
39.62823,-77.63551
39.68333,-78.81667
38.42878,-76.47945
38.47056,-76.84042
39.10294,-76.57782
38.185,-75.90083
38.17111,-75.81805
38.18195,-75.86611
38.18389,-75.93361
38.555,-75.88389
39.68361,-79.05833
38.32331,-75.63561
38.51769,-76.21028
39.63611,-76.4975
38.37294,-76.42455
39.685,-78.06445
38.61167,-76.07
38.71833,-76.33694
38.81222,-76.04916
38.80944,-75.86916
38.87806,-75.83278
39.07306,-77.03005
38.58555,-76.76771
38.24583,-75.83305
39.41533,-77.31596
38.42666,-76.80814
38.26064,-76.52722
39.6012,-75.87033
39.62697,-75.84541
38.71444,-75.71528
39.51911,-76.23514
38.51108,-76.75861
38.58003,-75.97327
38.62989,-75.83295
38.57397,-75.7934
38.54008,-77.18572
38.32047,-76.59092
38.49053,-76.9938
38.53811,-77.08275
39.63334,-78.75
38.72694,-76.28778
38.75639,-75.80139
38.71778,-75.96445
38.41924,-76.92943
39.62917,-76.79833
38.44392,-75.69859
39.55556,-75.89083
39.61161,-77.59503
38.85376,-76.6282
39.62194,-75.82391
39.61666,-78.81361
38.54287,-76.5957
39.61705,-75.84781
38.24686,-76.64622
38.84694,-75.88306
38.33778,-76.09583
38.44056,-75.98556
38.52022,-76.9405
39.61945,-79.20055
38.34542,-76.44055
38.32361,-75.805
38.61081,-76.62611
38.52458,-76.57381
39.11333,-76.075
38.29078,-76.55297
38.65106,-76.95314
38.61239,-76.99061
39.68225,-76.19656
39.3585,-79.34906
39.61958,-75.84167
38.41536,-76.81059
39.45939,-76.95145
38.395,-76.19223
38.38578,-76.58067
38.51933,-76.02267
38.73333,-75.84389
39.49434,-75.90972
38.65125,-76.95309
39.52959,-77.36111
38.5999,-76.89583
38.95222,-76.9775
38.72722,-76.95444
39.7,-78.88333
38.6058,-76.87711
38.3825,-76.47389
39.45,-79.28333
38.58247,-76.77069
38.34178,-76.73905
39.46667,-78.95
38.37366,-76.39198
38.65389,-76.88528
39.56125,-75.88797
39.43333,-79.325
38.56803,-77.03259
38.2598,-76.47073
39.63275,-78.39958
39.23361,-75.93833
38.96444,-76.3325
39.64972,-78.66889
39.71667,-77.41666
39.67286,-76.06958
39.71228,-75.93697
39.60897,-77.50301
38.54369,-77.13964
39.65767,-76.40369
39.68553,-76.38053
39.67583,-76.26806
39.55056,-76.25945
38.59531,-76.90331
39.52135,-77.45799
39.4561,-77.15473
38.95055,-76.01056
39.26778,-76.08334
39.49611,-76.6
38.12439,-75.33964
38.62286,-75.9463
38.38627,-76.26053
38.33855,-75.63905
39.58055,-78.94139
39.69722,-78.79166
39.70833,-79.33334
39.46935,-79.37106
39.56111,-78.66111
39.67178,-76.20517
38.51972,-75.78
38.47583,-75.78889
39.59722,-78.70889
39.56942,-77.43763
38.33,-76.65556
39.60289,-75.91681
39.46817,-77.54499
39.68417,-76.03778
39.32667,-75.90222
39.71581,-77.49297
38.60033,-77.16203
38.85639,-75.91528
39.47117,-76.24609
39.47117,-76.24609
38.75139,-76.15667
38.70972,-76.33667
38.77222,-76.80083
38.63569,-77.01628
38.60081,-76.92258
38.41531,-75.52145
39.60189,-75.90472
39.40415,-79.37052
39.5228,-79.37048
38.66481,-75.83249
38.50056,-76.77695
38.43444,-76.84125
38.28469,-76.05597
38.75278,-76.16111
38.82944,-75.83195
38.77667,-76.26722
38.74111,-76.17445
38.685,-76.16611
38.68694,-76.05833
38.81055,-76.29444
38.73222,-76.29083
38.91667,-75.9275
38.02361,-75.50328
38.48126,-75.82938
38.75797,-76.1518
39.21267,-77.16953
38.4129,-76.4326
39.47453,-76.24497
39.46645,-77.49011
39.08805,-75.76861
38.80639,-75.78361
38.76972,-75.75056
38.79389,-75.96806
38.67778,-75.98361
39.58264,-75.97745
39.35578,-77.36678
38.62592,-75.85303
38.60211,-77.1542
38.88025,-75.77309
39.60006,-75.949
38.81389,-76.05444
38.77667,-76.05583
38.67222,-76.1425
38.67278,-76.15166
38.61444,-76.00833
39.43953,-75.97189
39.06333,-76.02695
39.06306,-76.0025
38.75195,-75.79166
38.86639,-75.75806
39.10847,-75.97683
38.77639,-76.21445
39.29167,-75.875
38.64888,-76.80077
38.16048,-76.40275
38.90992,-75.80339
38.78611,-76.24194
38.90055,-75.98531
39.15868,-76.1618
39.04,-76.07
39.60639,-76.25333
38.54655,-76.27397
38.33083,-75.63972
38.67094,-75.909
38.67333,-75.90981
38.67581,-75.91064
38.68303,-75.91294
38.57204,-75.94761
39.59889,-75.95417
38.63185,-75.84977
38.14034,-75.60722
38.4125,-77.24306
38.18756,-75.3027
39.31445,-75.89472
39.33583,-75.79166
38.96806,-76.29166
38.3722,-75.47578
38.46056,-76.09
38.27339,-75.60911
38.65142,-76.86628
39.52333,-76.21584
38.58887,-76.90366
38.59637,-76.90267
38.6436,-76.938
38.648,-76.96712
38.51016,-76.22497
38.55695,-75.83367
38.79778,-76.05527
38.74639,-76.18472
38.79528,-75.895
38.94611,-75.7875
38.98417,-75.98417
39.69472,-76.1525
38.56287,-76.23347
38.85861,-75.83861
38.85528,-76.01361
38.81055,-76.03694
38.56209,-76.27551
38.88528,-75.84611
38.44695,-76.12945
38.41806,-76.8772
38.86972,-75.82306
38.3117,-76.87703
38.11439,-76.4157
38.49445,-76.18445
38.58997,-76.99086
38.81611,-76.27917
39.62305,-76.49889
38.40695,-75.48773
38.53303,-75.85712
38.4813,-76.02269
38.74114,-76.16405
38.75947,-75.9313
38.623,-76.92834
38.59647,-76.89528
38.33894,-76.8093
38.56361,-76.05013
39.7,-78.66666
38.2668,-75.91233
38.51309,-76.13165
39.71796,-77.30595
38.69278,-75.76694
38.69167,-75.76056
38.78194,-76.08222
38.7825,-76.06917
38.77306,-76.08945
38.67417,-75.98722
39.24166,-75.81667
39.23972,-75.83056
39.6,-78.73333
38.84139,-75.8975
38.50706,-76.25638
38.62347,-76.92828
38.68417,-75.94722
38.83944,-76.02528
38.215,-75.5825
38.17111,-75.81333
39.30333,-76.04889
38.62328,-76.9285
39.64525,-75.8857
38.8925,-75.72945
38.23658,-75.64806
39.66178,-75.85594
39.60314,-75.90405
38.67862,-75.75648
39.22306,-76.12778
38.96278,-76.19527
38.90778,-75.81861
38.74317,-75.94867
38.66067,-76.12198
38.50853,-75.82911
39.61319,-75.95964
38.31678,-75.78477
38.41853,-77.14259
38.63754,-76.03169
38.80942,-76.03522
38.81639,-75.8275
38.66751,-75.88553
38.9525,-75.8775
38.77389,-76.05444
38.88833,-76.04111
38.77389,-76.05444
39.04917,-75.81084
39.03,-76.07528
39.30944,-75.95055
38.73789,-75.95625
39.04917,-75.81084
38.66722,-75.78694
38.55656,-75.83801
38.20533,-75.42858
38.25348,-76.41451
38.24711,-76.7727
39.2975,-76.44139
39.56581,-78.61806
38.81459,-76.14201
38.19056,-75.69556
38.8195,-76.01661
38.81459,-76.05229
38.76229,-76.21413
38.41903,-75.44847
38.4275,-76.47972
38.94389,-76.13306
39.00389,-75.79166
38.94056,-76.08028
38.70694,-75.74917
38.70778,-75.74778
38.7275,-75.85111
39.07361,-75.75417
38.79083,-75.88472
38.91889,-75.96194
38.86639,-76.08694
38.81694,-76.27889
38.64472,-76.06223
38.64444,-76.12334
39.11111,-75.86806
39.30917,-75.995
39.225,-76.21667
39.04694,-76.09861
38.86453,-75.75945
38.67481,-75.81966
38.6924,-75.87469
38.68989,-75.9321
39.56667,-79.08334
38.98333,-75.90505
39.02778,-75.80083
38.58261,-76.92741
39.41178,-77.29192
38.33223,-75.73553
38.43611,-75.80111
38.73347,-76.65847
38.74703,-75.94495
39.57986,-78.958
38.41111,-76.54278
38.28444,-76.5025
38.87028,-76.06361
38.83694,-76.06055
38.85472,-76.12647
38.24889,-75.65278
38.88833,-75.82
38.44472,-75.84692
39.29114,-77.5345
38.59692,-76.89406
38.59711,-76.89528
38.60006,-76.89989
38.47243,-75.794
39.47028,-76.24722
38.66431,-76.71133
38.68378,-76.59708
38.56836,-77.12817
39.01361,-75.99555
38.78056,-76.11361
38.67583,-76.14806
38.78556,-76.23972
38.86195,-75.98972
38.73472,-75.76334
38.26062,-75.9035
38.55439,-77.1433
39.47105,-77.49384
38.75806,-76.28306
38.78367,-76.72144
38.88389,-75.82889
38.95639,-75.90889
38.28222,-76.54667
38.23222,-76.605
38.51433,-76.77499
39.22083,-75.96806
39.01389,-76.08889
38.63888,-75.83353
38.62601,-75.7204
38.6723,-75.94178
38.74445,-76.32861
38.46991,-76.88255
38.33694,-76.53917
38.56022,-76.53259
38.51881,-76.55239
38.60422,-76.85036
38.58092,-76.53905
38.65322,-76.5378
38.46925,-76.84417
38.39958,-76.83511
38.20389,-76.56714
38.28039,-76.6635
38.20975,-76.53577
39.70195,-76.16583
38.5,-76.3
38.98055556,-76.40277778
38.98055556,-76.40277778
38.35,-75.95833333
38.53944444,-76.20388889
39.03222222,-76.23944444
38.36611111,-75.88166667
38.98055556,-76.40277778
38.39472,-76.99694
38.242,-76.0255
39.4533,-77.7292
39.5112,-77.6192
39.63,-77.5592
39.63199,-77.43915
39.64864,-77.478368
39.6667,-77.4544
39.60178,-77.828037
39.52494,-77.86319
39.6264,-78.4139
39.2744,-77.5431
39.328803,-77.731239
39.602375,-77.942131
39.60431,-77.912094
39.327936,-77.6831
39.3281,-77.6831
39.3056,-77.5656
39.3264,-77.7253
39.3328,-77.7294
39.5369,-77.6064
38.416389,-75.992222
38.382222,-75.900556
38.358333,-75.875
38.438889,-75.794444
38.157222,-75.698889
38.175833,-75.821944
39.64933333,-78.445
38.44225,-75.12766667
38.75100556,-75.71833889
39.58225,-78.83891667
38.45156111,-75.38426944
39.66447222,-78.77733333
38.29836111,-76.09234444
38.70555556,-75.85722222
38.17111111,-75.7575
39.60888889,-78.95166667
39.6115,-78.53202778
38.54208333,-76.93797222
39.71986111,-76.22497222
39.55086111,-75.91177778
39.67244444,-78.62866667
38.99777778,-76.32138889
38.92444444,-75.78222222
38.51222222,-75.99805556
38.59416667,-75.96166667
38.75833333,-76.11666667
38.67805556,-75.7133333
38.52930556,-76.7604167
38.51727778,-77.0634722
38.20355556,-76.4035
38.52919444,-77.2067778
38.4267,-75.9706778
38.55687222,-76.0424278
38.87833333,-76.1963889
39.36094722,-77.7164972
39.70277778,-78.79972222
38.38916667,-76.58208333
39.40416667,-76.81944444
39.40187778,-79.43666111
38.25391667,-76.46794444
39.63518333,-76.00593889
39.51930556,-79.31541667
38.77633889,-76.2668
38.51371944,-75.75438333
38.24488889,-76.70752778
38.145,-75.51
38.38560556,-75.50467222
38.39104167,-75.457225
39.07277778,-75.93022222
38.22586111,-76.54641667
38.61514444,-76.27687222
38.47929722,-76.04298333
38.30613333,-75.458575
38.37416667,-76.43583333
38.06061111,-76.33555556
39.29004444,-75.80733611
39.11616389,-76.07490833
39.24652778,-76.7545
38.41611111,-75.7605556
38.43066667,-76.9847778
38.44352778,-76.586
38.35833333,-76.4342778
39.40782778,-77.7398917
38.75972222,-76.27
38.82972222,-76.0552778
39.58027778,-78.6676111
38.65830556,-76.5848611
38.572175,-76.09120556
38.77111111,-76.20611111
38.81722222,-76.0805556
38.62333333,-75.8280556
39.44027222,-77.707
38.86694444,-76.3675
38.23916667,-76.6463611
38.51083333,-76.265
38.84,-76.1255556
38.31191389,-76.1086333
38.17913889,-75.9055
39.02277778,-75.8463889
38.66055556,-75.7905556
39.70722222,-78.1061667
38.83444444,-76.03982778
38.59027778,-76.89802778
39.676,-78.06005556
39.26694444,-76.8008333
39.69083333,-78.4294444
39.44926111,-77.692325
38.32205556,-76.4204722
39.55773611,-76.0793028
38.40861111,-75.9775
38.35055556,-75.37083333
39.39069444,-77.64652778
39.66972222,-78.79086111
39.44446944,-75.86915
39.71683333,-78.40761111
39.04888889,-75.79694444
38.60833333,-77.14397222
39.56132778,-76.08856111
38.37702778,-76.25062778
38.17516667,-75.93566667
38.4475,-76.22333333
38.57711111,-76.95236111
38.71993889,-75.96575278
38.18680556,-75.67936111
38.30711111,-76.89611111
38.17413889,-75.93358333
38.47097222,-76.84433333
39.44519444,-77.66366667
39.6975,-78.80633333
38.79861111,-75.75361111
38.22388889,-75.8225
38.47783333,-76.88133333
39.68777778,-76.02388889
39.37913889,-75.91143056
38.04180556,-76.32180556
39.02622778,-76.44910556
39.60483056,-75.904275
39.35777778,-75.86305556
38.52027778,-76.01437222
38.6895,-75.79383333
38.55638889,-75.79722222
38.93277778,-75.79555556
38.3752,-76.45214722
39.63076667,-78.74086667
38.44831389,-75.38432778
38.35527778,-75.38972222
38.53933333,-76.60602778
39.55,-78.68333333
39.55,-78.68333333
39.61666667,-78.71666667
39.50875833,-75.94544722
39.42251389,-76.2834
38.31266667,-76.87780556
38.31977778,-75.58847222
38.37538889,-76.45211111
38.29476944,-75.83446944
38.57450556,-76.09339167
38.57236111,-76.0916111
38.16922222,-75.3471111
38.34944444,-76.5894444
39.6475,-76.1486111
39.53428056,-76.3388361
39.49460278,-76.3572083
39.21833333,-77.3581944
38.75075,-76.782
38.51588889,-76.6966111
38.17252778,-75.8006111
39.57916667,-78.6805556
39.60963889,-79.4667361
39.62321944,-79.38355
39.63916667,-75.8868333
39.06055556,-75.84805556
38.49375,-76.51061111
39.63666667,-78.73222222
38.22738889,-76.5203333
39.65030556,-75.8382778
39.70255556,-76.0526389
39.71729167,-78.1282611
38.54994444,-76.8291667
39.63980556,-76.4149167
38.97055556,-76.1661111
39.61247222,-76.4004722
39.47302222,-77.6287639
39.47779167,-77.7874028
39.41525556,-77.463025
38.34977778,-76.5909167
38.37483333,-75.98039444
38.36254722,-76.03433333
39.57194444,-78.54194444
39.68215833,-76.48810556
39.65772222,-77.83463889
39.56861111,-78.66388889
39.3975,-77.21027778
39.53083333,-77.195
38.53180556,-76.59780556
38.47563889,-76.50455556
39.69722222,-78.785
39.68611111,-78.91638889
39.71461111,-78.21516667
39.5025,-79.04722222
39.52416667,-77.5025
39.60027778,-78.83555556
38.60666667,-76.88716667
39.30367778,-76.50499722
38.96666667,-76.01666667
39.1218,-76.81648611
39.63609722,-76.41222778
39.68639167,-77.56253333
39.68527778,-78.75888889
39.34668611,-76.35703056
39.659075,-79.04107222
39.665425,-77.67731111
38.29777778,-75.52
39.69416667,-78.78252778
38.2925,-76.56444444
39.60626667,-77.70031667
39.60585,-77.70156667
39.6046,-77.6986
39.60577778,-77.69938889
39.53852778,-79.24236111
38.38227778,-75.9005861
38.77916667,-76.2352778
38.93527222,-75.8167583
38.74044444,-76.6225278
38.72296111,-76.7684111
38.34975278,-76.1360222
38.67172222,-76.7261111
39.60494444,-75.89175
37.97291667,-75.8191111
38.30247222,-76.4913611
39.54922222,-78.98563889
39.6985,-78.78352778
39.47555556,-76.245
39.42444444,-77.21944444
39.508,-77.50672222
39.55668056,-76.36257778
38.61569444,-77.10730556
39.44554722,-77.01468056
39.30861111,-77.26194444
38.60084167,-76.17264444
38.77416667,-76.04861111
38.74694444,-75.90138889
38.25527778,-76.02166667
38.32535556,-76.07277222
38.53408333,-77.18327778
39.55552778,-77.64388889
39.645125,-78.00382222
39.46338889,-76.3910278
38.26258333,-76.6113889
38.36069444,-76.8834167
38.80625,-76.7940278
38.75683333,-76.6368611
38.64766667,-76.6684444
38.37136111,-76.4016667
38.78527778,-76.09138889
38.316225,-75.65667778
39.67991667,-78.694375
39.45719444,-79.2734722
39.63943889,-77.5759611
38.60661111,-76.8805833
38.62530556,-76.7845556
39.65866389,-79.0575167
38.43052778,-76.9579722
39.57741667,-79.3938944
39.59166667,-78.8555556
39.69388889,-78.8808333
39.49655556,-77.1366361
39.60380556,-77.5569722
38.56083333,-76
39.23694444,-75.98
38.15272222,-76.3985
38.37683333,-77.2288889
38.63030556,-76.6800278
38.18145833,-76.4296944
38.60658333,-77.0249444
38.59094444,-76.7365833
38.54269444,-77.1285
38.33677778,-76.6931944
38.394,-76.5710278
38.06652778,-75.5261944
38.50494444,-77.0606389
39.68705556,-77.9707222
38.54233333,-77.1513889
39.28783333,-79.3479417
38.7875,-76.0394444
38.26897222,-76.4593056
38.62327778,-76.9285
38.64288889,-76.9416667
38.68188889,-76.8031389
39.47277778,-78.9577778
39.64883333,-76.5281667
39.48188,-79.0687269
39.58280556,-78.5096944
38.38091667,-76.43225
38.34555556,-76.4184444
39.69301389,-77.7228333
39.62336111,-75.8380556
38.60494444,-76.5220833
39.46996111,-79.2036167
39.47535556,-79.1913278
38.95361111,-76.2069444
38.38630556,-76.8725556
39.51308333,-76.3094167
39.58327778,-75.8839167
39.65166667,-76.4045833
39.67358333,-76.5175833
39.715875,-77.5010556
39.7136,-77.5073278
39.55555556,-78.9694444
39.5157,-77.7454222
39.42182222,-79.3233028
38.2595,-76.8426667
38.81475,-76.6969722
38.74194444,-76.1272222
39.67916667,-77.4736111
39.7125,-77.5027778
38.76305556,-75.9166667
38.56816667,-76.2383944
39.56388889,-78.9583333
38.68759444,-75.8855083
38.38583333,-76.1947222
38.67916667,-76.0002778
38.79305556,-76.1416667
38.66722222,-76.0077778
38.84638889,-75.8029167
39.67325,-76.4099444
38.01138889,-75.7433333
39.69444444,-76.0827778
39.66730556,-76.1685833
39.61963889,-76.134
39.64841667,-76.1495
39.60933333,-79.2899722
38.25713889,-76.3987778
39.49261111,-75.9752222
38.12263889,-75.6005667
38.48069444,-76.5060833
39.49363056,-75.9887056
38.29902778,-76.8598333
38.88972222,-76.3563889
38.87361111,-76.3563889
39.69460278,-76.4776333
39.44119444,-75.9776944
39.0725,-75.7775
38.47725278,-76.0745111
39.52441944,-77.6019056
38.76641667,-76.9521389
39.699,-76.5009167
39.67927778,-76.48025
39.68544444,-76.4737778
38.19861111,-76.39675
38.50122222,-76.8606667
39.57681667,-77.8141806
38.55477778,-77.0075278
39.61430556,-76.3310278
38.55094444,-76.5752778
38.504,-76.79925
38.18475,-75.9014167
39.61193056,-75.9495667
39.4017,-77.2238889
39.33111111,-75.7630556
39.63905,-76.2901556
39.68287222,-77.83365
39.47458333,-76.3261389
38.69154167,-75.7634
38.81694444,-76.2708333
39.66805556,-78.765
39.70833333,-78.5380556
39.6485,-79.2068889
39.70791667,-77.4888306
39.23469167,-79.4778917
39.58833333,-78.8477778
38.79277778,-76.11
38.62838889,-76.53475
38.28083333,-76.4651667
38.20680556,-75.7620833
38.07094444,-75.7320278
39.59991667,-76.0650833
38.50631944,-75.964575
38.23513889,-76.5718889
38.40280556,-76.7971944
38.41444444,-75.6780556
38.69555556,-76.1025
38.91972222,-75.8255556
38.92055556,-75.8258333
39.56833333,-78.6475
39.68416667,-78.7577778
38.93311111,-75.8548333
38.26944444,-76.4670278
38.277,-76.473
38.53297222,-77.0052222
39.60916667,-75.8825
39.51205556,-75.8486389
38.71472222,-76.1905556
38.82333333,-75.9175
39.63441667,-75.8865556
39.12888889,-75.7888889
39.70277778,-78.3527778
38.82333333,-75.9175
39.20277778,-77.2229167
38.60075,-76.8976111
39.6872,-78.7932667
39.4165,-75.9739722
38.49186111,-76.8615833
38.46772222,-77.1083333
39.33976389,-77.6809667
39.51534722,-77.6455472
39.63555556,-78.6877778
38.19097222,-75.8938611
39.63430556,-76.0216389
38.31144444,-76.4983889
39.7,-78.7833333
39.64548056,-76.3227889
38.10533333,-76.3923611
38.68475,-77.0138889
38.382675,-75.993775
38.501,-76.8162222
38.56855556,-76.5266944
38.60411111,-76.8823333
38.58079722,-75.9350333
38.29197222,-76.52975
38.43030556,-76.4739167
38.38320833,-76.1476028
38.77555556,-75.8436111
38.46833333,-77.2020278
38.36443889,-76.58938333
38.63888056,-75.8335
38.8308,-76.8744
39.462153,-77.741666
39.625,-78.7394
38.9381,-77.1186
39.28,-77.5436
39.6761,-77.5258
39.3278,-77.7256
38.1964,-75.1553
38.43916667,-76.11916667
38.37611111,-75.98333333
38.49138889,-76.0375
38.425,-76.24055556
38.31805556,-76.11333333
38.31805556,-76.11333333
38.4,-76.06
38.3525,-76.051111
38.367778,-75.888611
38.225,-75.416667
38.8425,-76.9311
38.9614,-76.905
38.87,-76.92
38.975,-77.2139
38.2481,-75.1544
38.3236,-75.0981
38.37619,-75.991217
38.83305556,-76.18222222
38.315,-76.14777778
38.42138889,-76.12305556
38.26805556,-75.57638889
38.42277778,-76.17666667
38.45277778,-76.08888889
38.62305556,-75.80472222
38.35055556,-76.14083333
38.380506,-75.931977
38.36305556,-75.95194444
38.39444444,-75.98972222
38.59166667,-76.25916667
38.34666667,-76.14277778
38.43055556,-76.01083333
38.51472222,-76.28555556
38.44361111,-76.01722222
38.97305556,-75.79111111
39.10333333,-75.7925
39.07861111,-75.75055556
39.04638889,-75.78166667
38.55204722,-76.25626667
38.34695,-76.14280833
38.78916667,-76.17722222
38.40481111,-75.99122222
38.38611111,-75.48611111
39.06388889,-75.76666667
38.8375,-75.91027778
38.34170833,-76.14356389
38.57133333,-76.14747222
38.36834444,-76.04098056
38.38513889,-75.98690278
38.38235556,-75.91753333
38.44338889,-77.15108333
38.20477778,-76.40655556
38.20666667,-75.74666667
39.26288333,-76.89186944
38.92055278,-75.927025
38.73118333,-76.96928611
39.02663889,-76.72615833
38.55108333,-76.70905556
39.40083333,-77.72
38.55708333,-76.81997222
39.41472222,-77.55305556
39.46083333,-77.23638889
39.2227,-76.42355
39.69161111,-78.78830556
39.64327778,-78.65369444
39.60527778,-75.89055556
38.24547222,-76.60755556
38.59666667,-76.90072222
38.76166667,-76.26888889
38.78194444,-76.04083333
38.39358333,-77.21019444
39.35833333,-75.81666667
38.13277778,-75.94694444
38.60433333,-76.88291667
38.18194444,-75.78055556
38.71602778,-75.89313889
38.43833333,-75.49972222
38.15151056,-75.60032361
38.44696278,-75.66386222
39.70705278,-77.90043611
38.17962417,-75.44992278
38.03505556,-75.47388889
38.497175,-76.10429444
38.43169722,-75.67950833
39.62527778,-76.84027778
39.60338889,-76.07588611
39.61502778,-75.95852778
39.61323333,-75.95200833
38.17972222,-75.73027778
38.30660889,-75.46872417
38.550375,-76.18778889
39.63333333,-78.73333333
39.68666667,-78.02416667
38.59197222,-76.25957222
38.50890278,-76.22646111
38.23888889,-75.52055556
38.9,-75.86666667
38.33725,-75.78422222
39.35101944,-76.34577222
38.04944444,-75.76202778
38.37444444,-75.915
38.49913889,-76.77113889
38.24952778,-76.75608333
38.91694444,-75.95
38.27111111,-75.57861111
38.13745611,-75.34165778
38.3057,-76.08455
39.69555556,-78.81055556
39.62027778,-78.81416667
38.69166667,-75.85
38.84166667,-75.79166667
39.49611111,-77.76361111
39.13366667,-77.28278333
39.07136944,-75.76042778
39.34877778,-77.21088889
39.07936944,-75.76235278
38.12805556,-75.34972222
38.50840556,-76.16495278
38.396725,-75.98428056
39.10320833,-75.7608
38.92677778,-75.83614722
39.4875,-79.01944444
39.21927222,-77.00517778
38.44301944,-76.30287778
39.53694444,-78.51388889
39.14828333,-77.26104167
39.22777778,-76.41583333
39.41666667,-76.54166667
38.36786667,-75.63225278
38.56943611,-76.28133611
38.9675,-75.8625
39.42557778,-77.69435
38.30152778,-76.79333333
39.45391667,-77.17775
38.53152778,-76.76725
38.61658333,-76.94311111
38.55466667,-76.59063889
38.50941667,-76.77441667
38.44301944,-76.30287778
39.53927778,-77.55966667
38.61725,-76.63655556
39.62644444,-77.91481111
38.58277778,-75.74666667
39.28333333,-76.04166667
39.6367,-78.7689
39.3608,-77.6617
39.3256,-77.7256
39.3261,-77.7264
38.38944444,-76.07527778
38.405,-75.97888889
38.38805556,-76.03972222
38.37666667,-76.07388889
38.43777778,-76.02472222
38.88777778,-76.34694444
39.392,-77.724
38.315,-75.606
38.317,-75.607
39.533,-78.545
39.719,-78.418
38.35802,-76.39666
39.250833,-76.7535
39.54643,-78.88711
39.061,-75.831
39.411,-76.835
39.626892,-76.313711
38.675,-75.755
38.727,-76.226
38.64879,-76.53539
38.51601,-76.78335
38.86,-76.34
39.611,-77.642
38.348,-76.08
38.61,-77.122
38.26318,-76.61092
38.53,-76.502
39.396,-77.673
39,-75.78
38.2976,-76.48146
39.61222,-75.95001
38.4542,-77.22607
38.325,-75.687
39.677,-78.787
38.403,-75.685
38.43,-77.256
39.418,-76.373
38.37437,-76.41274
38.38401,-76.7153
39.052766,-76.50544
39.478,-76.97
39.70845,-75.942208
38.86,-75.8
39.542,-78.498
39.683,-77.932
38.632,-75.805
38.63,-76.52
38.753331,-76.062164
38.382,-75.645
39.252,-76.758
38.63,-76.69
38.943098,-75.766273
38.753331,-76.062164
38.956417,-76.322281
38.811,-75.774
38.39372,-76.45797
38.28301,-76.7002
39.622,-77.562
38.38118,-76.43668
38.47889,-76.6859
38.509,-76.196
39.3909,-76.3432
38.384,-75.509
38.259,-76.45847
38.597,-76.142
39.396,-77.148
39.619,-76.7
39.55472,-76.903611
38.34753,-76.43094
39.61243,-75.94958
38.214371,-75.608564
38.43241,-76.6996
39.578,-76.969
39.418,-76.339
39.166,-76.516
39.656,-78.723
38.25495,-76.4381
39.343,-77.734
37.992952,-75.814662
38.579,-76.913
38.214371,-75.608564
38.926,-76.53
39.47536,-79.19133
39.58302,-78.73079
38.3774,-75.6272
39.644,-78.844
38.508,-76.338
39.661703,-79.304072
38.767,-75.737
38.802,-76.256
39.61193,-75.94949
39.65281,-78.73691
38.773,-76.268
38.786,-76.235
38.177,-76.548
38.356088,-75.748056
38.923,-75.965
38.04491,-76.3222
39.459554,-76.005724
38.54636,-76.97643
39.39402,-75.784636
38.163,-76.375
39.0804,-75.919
38.405,-75.728
38.787,-76.241
38.63272,-76.91595
38.57174,-76.90383
38.833,-75.811
39.70018,-78.83607
38.369,-75.716
38.179,-75.818
39.64632,-78.90157
38.299,-76.571
38.526,-76.983
38.164,-76.376
38.083,-75.809
39.0573,-76.1752
38.19234,-76.55205
38.431,-75.55
39.667,-76.073
38.440894,-77.194103
38.323,-76.136
38.49922,-77.19534
38.174,-75.965
38.28382,-76.54968
38.173,-75.936
38.174,-75.935
39.62844,-78.73715
38.340417,-75.803259
38.793693,-76.160705
38.822002,-76.153858
38.818115,-76.15397
38.681988,-75.732823
38.725213,-75.937908
38.355,-76.099
38.6917,-76.8317
38.406,-76.721
38.89,-76.14
38.612,-76.966
38.282,-75.645
39.493477,-79.174059
39.69738,-78.78685
39.411,-77.636
39.311111,-76.455833
38.443,-77.248
38.6166,-76.96175
38.42008,-77.22361
39.2659,-77.4039
39.621,-77.587
39.717484,-76.324739
39.695,-78.008
39.593278,-78.660778
38.503661,-77.205558
39.483,-77.613
39.466,-77.7
39.669889,-78.903389
38.349,-76.137
39.146,-76.124
39.254,-76.77
38.9789,-76.9081
39.4619,-77.7414
39.63418,-77.47804
39.5431,-78.6186
39.4583,-77.7889
39.5872,-77.8267
38.39944444,-76.08361111
38.39138889,-76.075
38.38277778,-76.07027778
39.06805556,-76.73388889
39.028555,-76.210059
38.400222,-76.064241
38.375,-75.55
38.244,-75.48
38.224,-75.417
38.241,-75.783
39.466,-76.758
38.473,-76.079
38.883,-76.046
38.35524,-76.53107
39.55,-78.616667
39.513,-77.649
39.354,-76.915
39.47463,-77.77922
39.498,-77.465
38.563544,-76.522883
38.39014,-75.50373
38.600236,-76.90135
39.52009,-76.20508
38.774346,-76.214896
38.653764,-75.83539
39.598199,-76.108303
38.50994,-76.66351
38.299078,-76.92411
38.259,-76.749
39.598199,-76.108303
38.4478,-76.88806
39.63908,-76.01627
39.5408,-76.4172
38.86,-76.08
38.48045,-76.9837833
38.394,-75.593
39.410584,-76.368411
39.366,-77.313
38.414533,-77.169367
39.6188,-75.98402
39.6684,-76.3012
38.911508,-76.881669
39.4159,-76.8377
39.2377,-76.4546
39.452,-77.699
39.546147,-75.938101
38.620447,-76.966683
39.68163,-75.91725
39.223198,-76.712372
39.111,-76.81
38.34783,-75.53842
38.55861,-76.76273
39.27,-77.27
39.703,-77.527
39.701,-78.131
39.094955,-76.064911
38.815564,-75.734032
39.006801,-75.907315
38.498492,-76.107706
38.37553,-76.96229
39.232465,-76.922321
38.566741,-77.116671
39.111136,-76.829499
39.65146,-78.80399
38.605589,-77.158125
39.09182,-76.63054
38.945899,-76.067236
38.417,-75.7
39.622943,-79.151974
39.379,-77.355
39.59962,-79.09142
38.56156,-76.86675
38.5615,-76.63697
38.27368,-76.84652
38.32167,-76.67012
38.318,-75.743
38.868,-75.99
38.708,-75.871
38.37,-75.51
39.437321,-76.583063
38.692,-75.881
38.612,-75.849
38.334761,-76.910497
38.522,-76.078
38.40218,-75.56494
38.267,-75.692
39.217347,-76.589607
39.69051,-77.37425
38.555,-76.277
38.208,-75.355
37.96,-75.834
38.009,-75.728
38.35557,-75.79155
38.49075,-76.6491
38.39692,-76.97837
38.586,-76.162
39.576,-76.954
39.66513,-78.92474
39.22,-76.23
39.717773,-75.904238
38.65463,-76.61882
38.818,-75.736
38.92014,-76.51814
38.149,-75.711
38.41,-75.47
38.549014,-76.829139
38.257,-76.466
39.473411,-76.25715
39.705246,-75.807279
39.43307,-77.62605
39.34201,-77.26813
38.685,-76.148
39.15202,-76.55748
38.62,-76.017
38.988352,-76.085206
39.07,-76.114
39.479279,-76.221109
38.708,-75.775
38.77542,-75.84398
38.877,-75.766
38.447714,-76.11536
38.347402,-76.063737
38.38206513,-76.07179884
38.76418,-76.077218
38.9742,-76.9006
38.2064,-75.154325
39.4698,-77.733
39.47,-77.7392
39.5314,-77.8178
39.5444,-77.5997
39.4064,-77.7392
39.3625,-77.6617
39.52,-78.47
38.7114,-75.9084
39.344,-76.857
38.24278,-76.58593
39.593333,-77.438333
39.703,-78.698
38.749801,-76.963971
39.55,-78.49
38.92,-75.93
38.638457,-76.906384
39.71068,-75.841073
38.3214,-76.1157
38.39964,-76.44234
39.52446,-78.48994
38.669,-75.865
39.46,-77.638
39.497,-78.942
38.66693,-76.61432
38.828,-75.9433
38.25978,-76.59391
38.657,-75.832
39.419,-76.769
39.54,-76.54
39.085,-75.832
38.921,-75.9956
38.671,-76.066
38.66,-75.92
39.61065,-75.798215
39.66467,-76.15831
39.571983,-77.469583
39.48382,-77.63838
39.521461,-76.105988
38.44045,-77.2633
38.41312,-76.78484
39.03493,-75.87502
38.99,-76.12
39.16,-75.964
38.52,-76.212
38.272,-76.069
38.839,-76.372
38.689,-75.87
38.618,-75.909
38.432,-75.639
39.64907,-78.65435
39.43844,-77.71877
39.67738,-78.08
38.96,-75.93
39.571,-78.849
39.639,-78.733
39.563,-78.961
38.606,-75.754
39.07,-75.97
38.7,-76.76
39.672367,-76.312123
39.707,-78.115
38.349,-76.087
38.72,-76.329
39.643,-78.8
38.482,-76.191
39.64785,-78.81781
38.31,-76.1
38.285,-75.884
38.513,-76.21
38.533,-76.042
38.38,-76.06
38.848,-76.137
39.604,-78.944
38.576167,-76.760046
39.512227,-76.192119
38.666,-76.921
38.6908,-75.7695
39.422,-79.435
38.319,-75.969
38.323,-75.96
38.383,-75.887
38.4159,-75.989
38.3721,-75.9187
38.375,-76.074
38.374,-75.923
38.374,-75.912
38.364,-75.891
39.680175,-76.191262
38.415151,-75.657472
39.71794,-75.811217
38.605589,-77.158125
39.62941,-78.7765
38.401,-76.771
39.715493,-75.81541
39.519827,-76.193669
38.440469,-76.47099
38.43311,-76.47099
38.659,-75.77
38.42255,-76.47243
39.711168,-75.807701
39.704683,-75.806527
38.345,-76.146
39.62,-78.76
38.297,-76.802
39.71248,-75.813055
38.57399,-76.97081
39.58728,-78.84433
39.40639,-77.63864
38.9,-76.04
39.439,-76.694
38.601597,-76.930872
39.534,-76.163
38.3229,-76.227225
39.47889,-78.94582
38.554169,-77.081141
39.71,-76.88
38.34,-75.636
39.6267,-77.4417
39.3117,-77.6319
39.0686,-77.3408
39.6658,-77.5308
39.4617,-77.6275
39.3292,-77.7253
39.669,-78.257
39.50806,-79.1234
39.62,-78.81
39.486,-77.468
39.627,-77.556
39.155,-77.242
39.492237,-79.17168
39.138,-77.291
39.71,-78.65
39.62,-78.81
39.411,-77.697
39.68557,-76.495538
38.631,-76.846
39.470744,-76.399165
39.44982,-77.4933
39.55,-78.89
38.0854,-75.8052
39.127,-75.776
39.611034,-75.917509
39.49819,-77.5163
39.592972,-76.348427
39.419953,-76.296152
39.50683,-75.957961
39.541414,-76.490656
38.627643,-76.903176
39.44787,-76.887431
38.5058,-76.77394
39.6129,-75.985243
39.474591,-76.398894
39.53,-77.04
38.6801,-75.7756
39.689955,-76.465752
39.718907,-76.224874
39.605182,-78.902593
38.123,-75.535
38.15693,-76.45805
39.54,-78.91
38.652,-75.776
38.665187,-77.08652
39.635085,-78.31832
39.43,-77.631
39.35229,-77.69558
38.504,-75.726
38.689,-75.7156
39.535,-77.758
39.206,-76.035
38.296,-76.806
39.57,-78.63
38.41851,-76.71189
38.353,-75.509
39.259622,-77.138313
39.6372,-78.3263
39.699,-77.044
39.422,-76.914
38.35419,-75.62902
38.462,-76.7679
39.5083,-77.75182
39.574887,-77.610518
38.527,-77.205
38.962,-76.22
39.56,-76.95
39.566553,-79.2072
38.45007,-76.83769
38.511,-76.142
39.294536,-76.794624
38.588638,-76.925038
39.574715,-78.914407
38.46651,-76.51508
39.34,-75.78
39.523014,-76.140826
38.467617,-76.983326
38.3894,-76.6741
38.801,-75.776
39.102975,-77.395343
38.558169,-76.79928
38.017809,-75.602857
39.6967,-78.09172
39.63861,-77.86
38.6519,-75.907
38.383,-75.902
38.541492,-77.184194
38.374,-75.922
38.349564,-76.141513
39.596575,-75.834915
39.546008,-79.015181
38.68506,-76.53991
38.45486,-77.22626
38.45486,-77.22626
38.603,-76.791
38.618,-76.873
38.31,-75.49
39.544985,-76.423229
39.718,-77.515
39.679194,-77.965648
38.7439,-76.04
39.61,-78.63
39.615167,-75.954572
38.10286,-76.34881
38.76249,-76.83389
38.601,-76.26
39.716457,-75.809095
38.199787,-75.716996
38.24654,-76.7733
38.24654,-76.7733
38.1439,-76.4617
38.029349,-75.739025
37.989417,-75.821777
37.988553,-75.789734
37.972343,-75.849274
38.000714,-75.825778
37.963904,-75.824061
37.979191,-75.825943
37.979,-75.812
38.00084,-75.825689
38.024373,-75.743035
38.029,-75.752
38.069027,-75.745806
38.465916,-77.014034
38.053,-75.749
37.964,-75.824
38.93778,-75.734972
38.714032,-76.533385
38.617495,-77.033692
38.30713,-76.53593
38.639,-76.928
39.4,-77.15
38.237617,-76.447778
39.143754,-77.244525
39.591361,-75.940984
38.646855,-76.944355
38.6961,-75.7522
38.32342,-76.62025
38.28273,-76.48175
39.58812,-77.73864
39.56622,-77.24722
39.413662,-76.400824
39.689247,-76.282959
38.406,-75.874
39.607156,-75.912397
39.588572,-75.916437
38.267,-75.526
39.71245,-77.90297
38.536,-75.851
39.11,-76.99
38.9858,-76.9067
38.139556,-75.183194
39.48,-77.7489
39.6339,-77.4519
39.659988,-77.483153
39.632189,-77.47334
39.5344,-77.8333
39.0672,-77.3286
39.5397,-78.6122
38.9969,-77.5208
38.9781,-77.9006
39.41597,-76.58883
39.3517,-77.3936
38.9417,-77.1178
39.4969,-77.6186
39.3808,-77.6492
39.6939,-77.5261
39.4467,-77.6344
39.3242,-77.7253
39.058575,-76.743878
39.0257,-76.7867
38.44272,-76.14162
38.390529,-75.422333
39.58981,-77.58577
37.9948,-75.81397
39.47,-79.03
39.495,-77.621
39.48,-79.06
39.582498,-75.879212
39.57,-78.98
39.484444,-79.002778
39.57,-78.98
39.602415,-76.573849
39.55,-78.51
39.647,-77.416
39.65,-77.418
39.634925,-78.292622
39.517,-76.919
38.63814,-76.94965
38.577378,-77.165322
38.7009,-76.3399
39.621156,-76.411045
39.654996,-76.251194
38.50181,-77.187774
39.67,-78.74
38.844567,-75.823268
39.564552,-79.445697
39.659256,-76.121602
38.581204,-76.754173
38.871789,-75.813226
39.44,-76.54
38.555212,-77.081301
39.602603,-75.964506
39.6925,-77.525278
38.44045,-77.2633
39.359953,-76.890993
39.48,-79.03
39.51,-78.91
38.498395,-76.943804
39.602009,-75.870686
39.626918,-75.802078
39.585723,-76.485189
39.615685,-76.044646
38.3847,-75.6054
39.7,-78.85
38.385948,-76.947058
38.527,-76.736
38.6229,-75.8242
38.305583,-75.69867
38.4702,-76.50935
39.477856,-77.470917
38.522,-76.16
38.47562,-76.90562
38.6934,-75.7601
38.57058,-76.57246
38.630222,-77.026606
38.5467,-75.9651
38.7008,-75.7818
38.5372,-76.93823
38.53968,-76.00308
38.564978,-77.159797
39.59746,-79.350456
39.59,-78.94
39.45402,-77.65374
39.402067,-79.45915
38.84555,-75.8365
39.690556,-77.503889
38.417,-76.72
38.7664,-75.9558
38.984,-75.786
39.54,-78.5
39.532939,-75.924393
39.43876,-76.539583
39.625,-78.935
39.708741,-76.174659
38.675631,-75.800189
39.3333,-75.7665
38.689179,-75.870159
39.463,-77.687
39.601501,-76.321186
38.781051,-76.167761
38.66158,-76.80096
39.627286,-75.805282
39.12326,-76.57283
39.64,-78.73
38.3502,-76.1394
38.52534,-76.60143
39.59,-78.62
39.474,-77.49
38.69,-76.012
38.465,-76.002
38.61375,-76.87525
38.99,-76.32
38.648165,-77.063333
38.31492,-76.52722
39.480354,-79.032226
39.480354,-79.032226
39.635848,-76.330762
39.635501,-76.330934
38.61002,-76.88823
38.97904,-76.72795
39.64,-78.92
39.6,-78.72
38.561973,-77.088354
38.61087,-76.65302
39.556011,-79.139819
39.239479,-76.751726
38.0577,-75.7275
38.525331,-76.603197
39.425,-76.271
38.423619,-75.669985
39.367586,-76.426057
38.62,-75.86
39.54,-78.49
38.28838,-75.83656
38.524646,-77.107424
39.69,-78.8
38.599608,-77.132687
39.6517,-76.197649
39.381275,-77.649787
39.607026,-76.05941
38.423,-75.656
39.626,-77.49
38.794512,-76.296721
39.71,-78.68
39.64,-78.7
39.69,-78.77
38.24557,-76.70738
38.73552,-76.781323
39.459051,-77.701968
39.644474,-75.875548
39.48081,-76.292893
39.574517,-75.944684
39.45208,-77.50408
39.554462,-76.138914
38.75426,-76.16122
38.9842,-75.8914
39.073186,-77.355332
39.36111,-76.90362
39.7041,-78.5642
38.495733,-76.827613
39.678,-76.953
39.427011,-76.441073
39.44095,-76.587189
39.62782,-76.31554
38.461335,-77.269324
38.65224,-76.81892
39.60395,-78.4901
39.53699,-77.60531
38.53232,-77.23758
38.834876,-75.854047
38.62114,-75.85389
38.071233,-75.646532
38.135106,-75.948613
39.526328,-76.433112
39.019093,-76.5383384
38.74,-76.19
38.82175,-75.86112
39.65584,-75.903562
39.401513,-79.398974
38.29378,-75.60958
39.571152,-76.330437
39.493675,-76.357943
38.302828,-76.724506
38.587,-77.078
39.600462,-76.515177
38.172519,-75.9349
39.54238,-75.890009
38.5431,-76.77979
38.59584,-77.0934
39.693047,-79.112791
39.09,-76.09
39.7156,-76.102521
39.487688,-78.943551
39.45,-76.47
38.776,-76.266
38.72241,-76.22859
38.182033,-75.805609
39.561635,-78.865785
38.262933,-76.183155
38.52578,-76.1847
38.568529,-76.008216
38.3221,-76.0922
39.448,-77.713
38.602321,-75.851181
38.846931,-75.800763
38.415309,-75.99003
38.371694,-75.924766
38.343125,-75.938299
38.554822,-77.081191
38.999,-76.805
39.61472,-77.58583
39.284699,-77.388046
39.603035,-75.850699
38.74958,-76.67241
38.64684,-76.77947
38.39836,-76.80818
38.3753,-76.0739
39.572052,-78.484558
39.56579,-78.50043
39.56361,-78.50233
39.5646,-78.49317
37.990455,-75.688137
39.420268,-76.418698
38.373169,-76.435362
39.46817,-77.49609
38.93446,-75.74612
38.534362,-76.122537
38.808,-76.277
39.316919,-76.816756
39.198722,-76.789056
39.14,-75.77
39.592439,-76.104445
39.52239,-75.783384
38.96,-76.16
39.24,-75.96
39.382926,-76.852623
38.33029,-75.71059
38.6655,-75.8506
38.988609,-75.916839
39.16319,-76.64055
38.462,-76.011
38.678,-76.843
39.354021,-79.333699
38.611617,-76.993889
39.6952,-77.52371
39.705251,-77.947532
39.039814,-76.850019
39.3333,-77.6761
39.3242,-77.7217
39.450901,-76.85039
38.6989,-75.8968
38.572598,-76.202971
39.4604,-79
39.344799,-76.932724
39.40219,-77.17056
39.40955,-77.17305
39.512462,-79.069503
39.46606,-78.96902
39.682049,-77.930977
38.994494,-76.826496
38.867238,-76.826062
39.717694,-78.71832
38.5785,-75.982
38.550285,-75.976414
39.651292,-77.874084
38.26487,-75.57963
38.366,-76.185
39.498966,-77.611238
38.81325,-76.511622
39.445,-77.701
39.596146,-76.068749
39.628454,-75.84435
38.29,-76.1854
39.535524,-77.143295
38.339,-75.63
38.554941,-75.855168
38.614023,-76.263967
38.435575,-75.694293
39.61987,-78.0129
39.6952,-78.4899
38.9276,-75.8336
38.22462,-76.51589
38.3378,-75.40924
38.7412,-76.1663
39.327074,-77.709993
38.516756,-76.933989
38.810891,-75.810282
38.390014,-75.444182
38.261659,-76.849788
38.59128,-76.79751
39.580364,-75.978453
38.816884,-75.905229
39.15703,-75.842655
38.7129,-75.7488
38.969623,-75.796037
39.6507,-78.6279
39.470207,-79.217705
39.427593,-76.57677
38.545,-76.016
39.626036,-75.853007
39.68465,-78.93736
39.586,-77.531
38.678405,-75.712221
39.0988,-75.7824
38.612,-75.7626
38.599915,-75.926993
38.813234,-76.178342
38.316995,-75.622969
38.31441,-75.624838
38.327416,-75.614565
39.104167,-76.662916
39.33337,-77.67566
39.254,-76
38.814335,-75.736984
38.59422,-76.566
39.110371,-77.135522
39.611862,-75.950599
38.784248,-75.872733
39.301943,-79.307359
38.619686,-75.741913
38.78952,-76.223414
39.68327,-77.939145
39.26238,-76.98115
38.518781,-75.874823
38.418,-75.436
38.32209,-75.795777
39.1108,-76.7869
38.2078,-75.1619
39.4731,-77.7389
39.4733,-77.7472
39.4714,-77.7278
39.6314,-77.4678
38.9044,-77.0731
38.9742,-77.2186
38.9292,-77.1119
44.3703,-68.2306
39.3253,-77.7256
38.336384,-76.259761
39.02636856,-76.79902744
38.444669,-76.236783
38.459883,-76.031478
38.323433,-76.137894
39.499927,-78.93303
39.636249,-78.559795
38.84504,-76.6943
38.61246,-76.91829
39.606117,-76.075744
38.268,-76.46
38.426392,-76.284174
39.221621,-77.081014
38.265819,-75.915229
39.682084,-78.788307
38.534483,-75.927989
38.56728,-75.72801
39.318,-75.932
38.368888,-75.928799
39.604606,-75.950399
39.6125,-75.81472222
38.59893,-76.89484
39.496667,-76.427222
39.405,-77.702
39.54648,-75.957081
38.43101,-76.286038
39.553658,-75.886969
38.410757,-75.995151
39.718723,-75.809431
38.923724,-76.055554
38.46928,-75.84592
38.59791,-76.208097
38.991,-75.979
38.44429,-75.35532
39.593273,-79.054595
38.604775,-75.945549
39.007158,-75.75568
39.665433,-78.787142
38.800725,-75.788706
38.56929,-76.94354
38.223,-76.51
39.638469,-76.001877
39.54305556,-79.4225
38.672925,-75.9345
38.557815,-75.832973
38.724972,-76.668965
38.681,-76.806
38.351492,-76.138427
38.56726389,-77.03472222
39.676017,-78.511048
39.138986,-75.805873
38.3761,-75.3858
39.027445,-75.796936
38.300833,-75.644167
38.7126,-75.7463
38.157,-76.52
38.229,-76.757
38.561844,-76.046625
39.691248,-78.74472
38.793622,-76.139765
39.06,-75.81
38.296,-76.642
38.6511,-76.1026
39.020078,-75.74589
39.65,-77.419
38.9224,-76.0611
39.367289,-76.962395
39.652467,-78.75491
38.697768,-75.830202
39.092,-75.873
38.5501,-76.90894
38.389,-76.815
38.960986,-76.078968
38.766436,-76.068018
39.66421,-76.801131
38.8106,-75.9421
38.978951,-75.840261
39.51657,-75.953842
38.4706,-76.0323
39.479654,-79.04995
39.0904,-75.8369
38.703411,-75.840588
38.598,-76.8893
38.40596,-75.991745
39.645766,-78.339562
39.480752,-75.972408
39.708,-78.5467
38.448355,-75.523082
38.6,-76.923
38.61266,-76.91835
38.547264,-75.833195
39.490343,-75.989444
38.7442,-75.9873
38.771468,-76.152072
38.2786,-75.67064
39.29,-75.956
38.630198,-75.889967
38.37422,-75.915362
38.373773,-75.929007
38.686488,-75.891267
38.64952,-75.823054
38.342,-76.564
38.548178,-76.018778
38.360005,-76.425745
38.657187,-75.715292
39.2045,-77.27563
39.629237,-77.963234
39.423059,-75.930825
39.700523,-77.904099
39.444025,-75.892344
39.419125,-75.967941
38.9584,-75.8004
38.411929,-75.428046
38.70813,-76.759803
38.866118,-75.840261
39.028128,-75.848814
38.679094,-76.821149
39.506,-78.996
38.704946,-76.832641
38.7715,-76.1538
38.379322,-76.162614
38.3459,-76.1408
38.533,-77.14
38.6649,-76.8625
38.6198,-75.8461
38.367025,-75.934351
39.588917,-75.916433
39.317347,-76.861764
39.611587,-75.952206
38.806067,-76.28926
38.579725,-76.291828
39.69178,-77.53473
38.366302,-77.186776
38.886499,-76.346424
38.38,-75.478
38.561667,-76.819722
39.669865,-78.051103
39.634448,-78.688697
39.657466,-75.915669
38.491297,-75.750864
38.9125,-75.8356
39.565004,-75.85781
39.700171,-76.149735
39.7017,-75.8054
39.62714,-75.849108
39.493762,-75.988374
39.41546,-76.82678
39.611587,-75.952206
39.59741,-76.91228
39.467,-77.611
39.447736,-77.71229
39.18077,-77.19728
38.739423,-76.195435
39.649,-78.249
38.296367,-76.06609
39.328211,-76.83213
38.4912,-77.24901
38.278,-76.491
38.525,-77.18111111
39.296069,-76.793436
39.567897,-76.628949
38.622845,-76.62596
39.534334,-77.577694
38.273,-76.475
39.453667,-77.211346
38.53084,-75.840405
38.581328,-76.118039
38.465188,-77.029656
39.585014,-77.061406
39.56537,-75.951792
38.766503,-75.970467
39.663171,-78.768497
39.585243,-77.640875
39.639544,-76.657822
38.40184,-77.177776
39.665052,-76.795012
37.994837,-76.039546
39.649492,-75.876139
38.55757,-75.875752
38.483918,-76.075159
38.537683,-77.096448
39.454351,-77.700322
38.8276,-76.2723
38.98422,-75.785726
38.597895,-75.89786
39.643227,-79.071747
38.521227,-75.984055
39.714552,-78.967838
38.965388,-75.868751
38.660181,-76.849997
39.720157,-78.42219
39.71144,-78.47129
39.254509,-76.76884
38.282,-76.5053
38.176,-76.427
39.650043,-79.476385
39.118,-75.795
39.14115577,-77.51653673
38.3088147,-75.92310191